# code=563020, name=红利低波动ETF
日期,开盘,收盘,最高,最低,成交量,成交额,振幅,涨跌幅,涨跌额,换手率
2023-12-14,0.901,0.898,0.903,0.895,1260518,125662452.0,0.89,-0.33,-0.003,1.99
2023-12-15,0.9,0.893,0.902,0.893,320065,31879939.0,1.0,-0.56,-0.005,0.51
2023-12-18,0.894,0.893,0.898,0.89,225099,22342562.0,0.9,0.0,0.0,0.36
2023-12-19,0.893,0.893,0.894,0.889,103600,10233219.0,0.56,0.0,0.0,0.16
2023-12-20,0.893,0.893,0.9,0.891,176974,17586391.0,1.01,0.0,0.0,0.28
2023-12-21,0.892,0.889,0.892,0.88,109493,10753781.0,1.34,-0.45,-0.004,0.17
2023-12-22,0.888,0.889,0.893,0.886,94851,9357115.0,0.79,0.0,0.0,0.15
2023-12-25,0.889,0.889,0.889,0.88,72089,7067226.0,1.01,0.0,0.0,0.11
2023-12-26,0.889,0.888,0.896,0.887,84461,8343103.0,1.01,-0.11,-0.001,0.13
2023-12-27,0.888,0.893,0.894,0.884,53445,5276303.0,1.13,0.56,0.005,0.08
2023-12-28,0.894,0.89,0.895,0.887,81780,8075489.0,0.9,-0.34,-0.003,0.13
2023-12-29,0.89,0.894,0.895,0.889,81922,8099606.0,0.67,0.45,0.004,0.13
2024-01-02,0.895,0.905,0.91,0.894,324804,32533402.0,1.79,1.23,0.011,0.51
2024-01-03,0.903,0.915,0.919,0.903,184781,18660850.0,1.77,1.1,0.01,0.29
2024-01-04,0.915,0.927,0.928,0.915,119796,12201879.0,1.42,1.31,0.012,0.19
2024-01-05,0.923,0.93,0.943,0.923,118530,12207437.0,2.16,0.32,0.003,0.19
2024-01-08,0.93,0.921,0.93,0.919,84575,8625153.0,1.18,-0.97,-0.009,0.13
2024-01-09,0.916,0.927,0.928,0.913,55195,5625773.0,1.63,0.65,0.006,0.09
2024-01-10,0.923,0.919,0.928,0.919,24444,2489452.0,0.97,-0.86,-0.008,0.04
2024-01-11,0.921,0.916,0.921,0.913,40228,4073511.0,0.87,-0.33,-0.003,0.06
2024-01-12,0.912,0.916,0.922,0.911,48551,4929972.0,1.2,0.0,0.0,0.08
2024-01-15,0.919,0.926,0.926,0.917,44253,4509623.0,0.98,1.09,0.01,0.07
2024-01-16,0.923,0.93,0.931,0.921,47657,4873278.0,1.08,0.43,0.004,0.08
2024-01-17,0.928,0.918,0.933,0.918,58779,6010955.0,1.61,-1.29,-0.012,0.09
2024-01-18,0.918,0.911,0.918,0.884,132493,13180410.0,3.7,-0.76,-0.007,0.21
2024-01-19,0.91,0.905,0.91,0.896,45236,4525815.0,1.54,-0.66,-0.006,0.07
2024-01-22,0.903,0.882,0.904,0.873,68406,6755685.0,3.43,-2.54,-0.023,0.11
2024-01-23,0.873,0.888,0.89,0.867,41668,4059537.0,2.61,0.68,0.006,0.07
2024-01-24,0.889,0.908,0.909,0.887,70712,7057004.0,2.48,2.25,0.02,0.11
2024-01-25,0.91,0.938,0.939,0.909,85941,8803262.0,3.3,3.3,0.03,0.14
2024-01-26,0.935,0.951,0.952,0.932,99172,10333427.0,2.13,1.39,0.013,0.16
2024-01-29,0.954,0.956,0.963,0.95,104976,11072324.0,1.37,0.53,0.005,0.17
2024-01-30,0.953,0.942,0.958,0.941,96694,10119986.0,1.78,-1.46,-0.014,0.15
2024-01-31,0.933,0.943,0.951,0.933,64080,6652936.0,1.91,0.11,0.001,0.1
2024-02-01,0.939,0.929,0.94,0.925,61028,6278735.0,1.59,-1.48,-0.014,0.1
2024-02-02,0.934,0.932,0.946,0.911,92964,9594498.0,3.77,0.32,0.003,0.15
2024-02-05,0.93,0.929,0.939,0.91,80369,8216899.0,3.11,-0.32,-0.003,0.13
2024-02-06,0.923,0.946,0.95,0.921,62486,6445860.0,3.12,1.83,0.017,0.1
2024-02-07,0.939,0.956,0.956,0.939,66677,6973286.0,1.8,1.06,0.01,0.11
2024-02-08,0.956,0.955,0.964,0.948,73441,7717764.0,1.67,-0.1,-0.001,0.12
2024-02-19,0.963,0.982,0.984,0.953,309307,33192852.0,3.25,2.83,0.027,0.49
2024-02-20,0.982,0.992,0.992,0.975,68942,7458373.0,1.73,1.02,0.01,0.11
2024-02-21,0.992,0.995,1.01,0.986,59613,6549468.0,2.42,0.3,0.003,0.09
2024-02-22,0.994,1.013,1.013,0.994,48072,5287371.0,1.91,1.81,0.018,0.08
2024-02-23,1.013,1.01,1.021,1.006,62178,6889691.0,1.48,-0.3,-0.003,0.1
2024-02-26,1.008,0.985,1.01,0.982,74872,8192849.0,2.77,-2.48,-0.025,0.12
2024-02-27,0.985,0.993,0.993,0.98,57117,6195750.0,1.32,0.81,0.008,0.09
2024-02-28,0.985,0.984,0.995,0.981,53275,5773106.0,1.41,-0.91,-0.009,0.08
2024-02-29,0.984,0.993,0.994,0.981,70026,7580890.0,1.32,0.91,0.009,0.11
2024-03-01,0.992,0.993,0.995,0.987,34382,3741133.0,0.81,0.0,0.0,0.05
2024-03-04,0.989,0.998,1.0,0.986,58728,6401185.0,1.41,0.5,0.005,0.09
2024-03-05,1.0,1.008,1.009,0.995,49482,5443042.0,1.4,1.0,0.01,0.08
2024-03-06,1.012,1.007,1.028,1.004,72882,8082610.0,2.38,-0.1,-0.001,0.12
2024-03-07,1.007,1.011,1.019,1.007,37783,4190281.0,1.19,0.4,0.004,0.06
2024-03-08,1.011,1.017,1.017,0.993,36325,4022293.0,2.37,0.59,0.006,0.06
2024-03-11,1.013,1.009,1.017,0.999,214210,23622770.0,1.77,-0.79,-0.008,0.34
2024-03-12,1.005,0.984,1.005,0.982,84924,9228454.0,2.28,-2.48,-0.025,0.13
2024-03-13,0.981,0.978,0.983,0.97,56903,6102081.0,1.32,-0.61,-0.006,0.09
2024-03-14,0.976,0.983,0.986,0.976,32319,3488754.0,1.02,0.51,0.005,0.05
2024-03-15,0.982,0.985,0.986,0.977,46372,4996500.0,0.92,0.2,0.002,0.07
2024-03-18,0.984,0.986,0.986,0.98,41359,4463665.0,0.61,0.1,0.001,0.07
2024-03-19,0.986,0.983,0.989,0.98,34808,3769145.0,0.91,-0.3,-0.003,0.05
2024-03-20,0.983,0.99,0.99,0.976,27017,2921798.0,1.42,0.71,0.007,0.04
2024-03-21,0.989,0.992,0.995,0.984,35069,3812073.0,1.11,0.2,0.002,0.06
2024-03-22,0.993,0.99,0.994,0.982,50093,5431441.0,1.21,-0.2,-0.002,0.08
2024-03-25,0.988,0.991,1.002,0.986,37363,4080999.0,1.62,0.1,0.001,0.06
2024-03-26,0.99,0.993,0.995,0.985,39136,4253051.0,1.01,0.2,0.002,0.06
2024-03-27,0.992,0.992,1.0,0.99,46849,5110929.0,1.01,-0.1,-0.001,0.07
2024-03-28,0.989,0.989,0.995,0.982,53991,5840536.0,1.31,-0.3,-0.003,0.09
2024-03-29,0.989,1.001,1.002,0.986,34920,3818442.0,1.62,1.21,0.012,0.06
2024-04-01,0.999,1.003,1.005,0.998,47455,5213473.0,0.7,0.2,0.002,0.07
2024-04-02,1.006,1.011,1.014,1.004,100092,11081369.0,1.0,0.8,0.008,0.16
2024-04-03,1.012,1.022,1.024,1.008,133192,14787514.0,1.58,1.09,0.011,0.21
2024-04-08,1.024,1.026,1.034,1.013,688807,77731054.0,2.05,0.39,0.004,1.09
2024-04-09,1.025,1.021,1.032,1.015,118672,13258351.0,1.66,-0.49,-0.005,0.19
2024-04-10,1.021,1.023,1.028,1.017,108617,12169646.0,1.08,0.2,0.002,0.17
2024-04-11,1.021,1.034,1.039,1.016,218074,24567586.0,2.25,1.08,0.011,0.34
2024-04-12,1.032,1.032,1.037,1.026,78027,8810963.0,1.06,-0.19,-0.002,0.12
2024-04-15,1.032,1.054,1.054,1.029,65782,7506914.0,2.42,2.13,0.022,0.1
2024-04-16,1.048,1.055,1.066,1.046,85683,9866748.0,1.9,0.09,0.001,0.14
2024-04-17,1.054,1.076,1.08,1.05,79241,9212491.0,2.84,1.99,0.021,0.13
2024-04-18,1.082,1.082,1.096,1.074,104728,12373435.0,2.04,0.56,0.006,0.17
2024-04-19,1.074,1.082,1.093,1.073,84264,9957211.0,1.85,0.0,0.0,0.13
2024-04-22,1.083,1.059,1.088,1.057,136088,15913921.0,2.87,-2.13,-0.023,0.21
2024-04-23,1.053,1.04,1.058,1.038,138545,15803729.0,1.89,-1.79,-0.019,0.22
2024-04-24,1.043,1.04,1.046,1.029,87742,9927934.0,1.63,0.0,0.0,0.14
2024-04-25,1.036,1.046,1.049,1.034,91860,10452030.0,1.44,0.58,0.006,0.14
2024-04-26,1.042,1.033,1.048,1.029,95667,10831828.0,1.82,-1.24,-0.013,0.15
2024-04-29,1.034,1.029,1.034,1.016,76404,8574690.0,1.74,-0.39,-0.004,0.12
2024-04-30,1.028,1.036,1.039,1.023,140149,15834695.0,1.55,0.68,0.007,0.22
2024-05-06,1.036,1.044,1.045,1.03,127895,14500106.0,1.45,0.77,0.008,0.2
2024-05-07,1.044,1.044,1.044,1.036,75308,8563400.0,0.77,0.0,0.0,0.12
2024-05-08,1.043,1.049,1.053,1.041,171501,19654319.0,1.15,0.48,0.005,0.27
2024-05-09,1.05,1.057,1.057,1.046,57094,6564545.0,1.05,0.76,0.008,0.09
2024-05-10,1.054,1.061,1.063,1.053,90361,10429544.0,0.95,0.38,0.004,0.14
2024-05-13,1.061,1.073,1.073,1.052,87161,10125910.0,1.98,1.13,0.012,0.14
2024-05-14,1.072,1.068,1.072,1.06,55445,6439050.0,1.12,-0.47,-0.005,0.09
2024-05-15,1.062,1.064,1.07,1.06,42027,4880493.0,0.94,-0.37,-0.004,0.07
2024-05-16,1.064,1.068,1.07,1.061,71688,8337521.0,0.85,0.38,0.004,0.11
2024-05-17,1.068,1.074,1.075,1.063,65631,7640549.0,1.12,0.56,0.006,0.1
2024-05-20,1.073,1.086,1.089,1.07,51670,6087055.0,1.77,1.12,0.012,0.08
2024-05-21,1.085,1.089,1.092,1.082,43639,5173998.0,0.92,0.28,0.003,0.07
2024-05-22,1.089,1.089,1.097,1.086,45785,5446480.0,1.01,0.0,0.0,0.07
2024-05-23,1.081,1.073,1.09,1.07,167992,19714988.0,1.84,-1.47,-0.016,0.27
2024-05-24,1.073,1.077,1.086,1.073,85047,10018558.0,1.21,0.37,0.004,0.13
2024-05-27,1.077,1.094,1.094,1.077,54210,6410788.0,1.58,1.58,0.017,0.09
2024-05-28,1.094,1.091,1.096,1.086,42506,5051459.0,0.91,-0.27,-0.003,0.07
2024-05-29,1.088,1.09,1.1,1.085,48578,5782199.0,1.37,-0.09,-0.001,0.08
2024-05-30,1.09,1.084,1.099,1.081,53228,6310612.0,1.65,-0.55,-0.006,0.08
2024-05-31,1.085,1.085,1.09,1.081,44485,5260370.0,0.83,0.09,0.001,0.07
2024-06-03,1.085,1.07,1.085,1.065,69558,8136710.0,1.84,-1.38,-0.015,0.11
2024-06-04,1.067,1.075,1.075,1.063,41839,4877011.0,1.12,0.47,0.005,0.07
2024-06-05,1.073,1.058,1.075,1.055,76726,8893171.0,1.86,-1.58,-0.017,0.12
2024-06-06,1.06,1.061,1.068,1.057,54054,6263521.0,1.04,0.28,0.003,0.09
2024-06-07,1.061,1.071,1.073,1.061,48595,5655852.0,1.13,0.94,0.01,0.08
2024-06-11,1.072,1.055,1.072,1.047,52982,6100131.0,2.33,-1.49,-0.016,0.08
2024-06-12,1.053,1.065,1.066,1.046,85658,9842987.0,1.9,0.95,0.01,0.14
2024-06-13,1.064,1.053,1.064,1.049,67131,7741235.0,1.41,-1.13,-0.012,0.11
2024-06-14,1.051,1.057,1.059,1.049,90004,10362879.0,0.95,0.38,0.004,0.14
2024-06-17,1.056,1.042,1.058,1.038,80962,9160471.0,1.89,-1.42,-0.015,0.13
2024-06-18,1.044,1.042,1.044,1.031,90158,10127735.0,1.25,0.0,0.0,0.14
2024-06-19,1.04,1.047,1.05,1.04,71114,8039093.0,0.96,0.48,0.005,0.11
2024-06-20,1.044,1.045,1.048,1.041,76240,8608196.0,0.67,-0.19,-0.002,0.12
2024-06-21,1.038,1.046,1.049,1.038,64048,7235117.0,1.05,0.1,0.001,0.1
2024-06-24,1.044,1.033,1.044,1.026,79221,8848528.0,1.72,-1.24,-0.013,0.13
2024-06-25,1.033,1.036,1.04,1.031,47946,5368170.0,0.87,0.29,0.003,0.08
2024-06-26,1.035,1.041,1.042,1.028,88773,9923335.0,1.35,0.48,0.005,0.14
2024-06-27,1.04,1.04,1.045,1.035,63516,7140405.0,0.96,-0.1,-0.001,0.1
2024-06-28,1.042,1.053,1.055,1.04,54876,6233245.0,1.44,1.25,0.013,0.09
2024-07-01,1.053,1.073,1.075,1.053,61948,7132468.0,2.09,1.9,0.02,0.1
2024-07-02,1.075,1.077,1.077,1.066,78520,9099594.0,1.03,0.37,0.004,0.12
2024-07-03,1.077,1.068,1.077,1.063,51654,5963871.0,1.3,-0.84,-0.009,0.08
2024-07-04,1.068,1.064,1.071,1.06,50869,5853148.0,1.03,-0.37,-0.004,0.08
2024-07-05,1.063,1.054,1.065,1.047,60727,6912385.0,1.69,-0.94,-0.01,0.1
2024-07-08,1.051,1.045,1.058,1.045,64495,7314409.0,1.23,-0.85,-0.009,0.1
2024-07-09,1.045,1.061,1.062,1.041,62284,7061706.0,2.01,1.53,0.016,0.1
2024-07-10,1.059,1.043,1.061,1.041,62593,7086690.0,1.89,-1.7,-0.018,0.1
2024-07-11,1.045,1.043,1.048,1.039,58346,6576273.0,0.86,0.0,0.0,0.09
2024-07-12,1.044,1.044,1.05,1.042,35987,4068736.0,0.77,0.1,0.001,0.06
2024-07-15,1.043,1.054,1.054,1.038,32890,3728576.0,1.53,0.96,0.01,0.05
2024-07-16,1.054,1.049,1.055,1.045,65767,7453073.0,0.95,-0.47,-0.005,0.1
2024-07-17,1.049,1.044,1.049,1.04,47036,5308259.0,0.86,-0.48,-0.005,0.07
2024-07-18,1.044,1.047,1.048,1.034,484984,54471879.0,1.34,0.29,0.003,0.77
2024-07-19,1.045,1.042,1.045,1.034,56004,6286213.0,1.05,-0.48,-0.005,0.09
2024-07-22,1.04,1.03,1.04,1.018,77458,8611617.0,2.11,-1.15,-0.012,0.12
2024-07-23,1.029,1.024,1.032,1.023,45967,5114445.0,0.87,-0.58,-0.006,0.07
2024-07-24,1.025,1.023,1.029,1.018,49541,5487096.0,1.07,-0.1,-0.001,0.08
2024-07-25,1.023,1.018,1.023,1.008,88096,9671619.0,1.47,-0.49,-0.005,0.14
2024-07-26,1.017,1.009,1.017,1.003,54892,5995944.0,1.38,-0.88,-0.009,0.09
2024-07-29,1.011,1.014,1.015,1.004,42474,4649873.0,1.09,0.5,0.005,0.07
2024-07-30,1.012,1.007,1.012,1.002,78148,8529542.0,0.99,-0.69,-0.007,0.12
2024-07-31,1.008,1.02,1.021,1.005,53789,5906850.0,1.59,1.29,0.013,0.08
2024-08-01,1.018,1.02,1.025,1.015,86959,9618853.0,0.98,0.0,0.0,0.14
2024-08-02,1.02,1.016,1.021,1.011,95942,10553744.0,0.98,-0.39,-0.004,0.15
2024-08-05,1.017,1.005,1.017,1.0,72058,7885698.0,1.67,-1.08,-0.011,0.11
2024-08-06,1.005,1.0,1.01,0.993,84357,9156671.0,1.69,-0.5,-0.005,0.13
2024-08-07,0.998,1.005,1.009,0.995,58612,6375188.0,1.4,0.5,0.005,0.09
2024-08-08,1.005,1.009,1.01,0.999,86538,9421563.0,1.09,0.4,0.004,0.14
2024-08-09,1.008,1.007,1.012,1.005,46494,5081918.0,0.69,-0.2,-0.002,0.07
2024-08-12,1.006,1.01,1.013,1.003,25438,2783708.0,0.99,0.3,0.003,0.04
2024-08-13,1.009,1.013,1.016,1.007,39808,4363611.0,0.89,0.3,0.003,0.06
2024-08-14,1.01,1.013,1.016,1.01,23572,2587857.0,0.59,0.0,0.0,0.04
2024-08-15,1.016,1.024,1.024,1.011,39876,4404883.0,1.28,1.09,0.011,0.06
2024-08-16,1.022,1.028,1.028,1.022,41451,4602802.0,0.59,0.39,0.004,0.07
2024-08-19,1.027,1.043,1.043,1.027,102954,11560768.0,1.56,1.46,0.015,0.16
2024-08-20,1.042,1.032,1.043,1.027,85907,9594075.0,1.53,-1.05,-0.011,0.14
2024-08-21,1.03,1.021,1.03,1.017,76203,8428895.0,1.26,-1.07,-0.011,0.12
2024-08-22,1.022,1.025,1.03,1.022,42801,4752660.0,0.78,0.39,0.004,0.07
2024-08-23,1.025,1.026,1.028,1.018,49081,5434417.0,0.98,0.1,0.001,0.08
2024-08-26,1.026,1.023,1.026,1.015,47526,5245098.0,1.07,-0.29,-0.003,0.08
2024-08-27,1.021,1.03,1.032,1.021,33274,3703493.0,1.08,0.68,0.007,0.05
2024-08-28,1.03,1.024,1.032,1.021,38440,4269764.0,1.07,-0.58,-0.006,0.06
2024-08-29,1.024,1.001,1.024,1.0,114561,12479334.0,2.34,-2.25,-0.023,0.18
2024-08-30,1.003,0.996,1.009,0.992,52261,5671239.0,1.7,-0.5,-0.005,0.08
2024-09-02,0.998,1.0,1.006,0.988,56496,6135384.0,1.81,0.4,0.004,0.09
2024-09-03,0.999,0.99,1.002,0.983,51550,5529801.0,1.9,-1.0,-0.01,0.08
2024-09-04,0.988,0.983,0.988,0.978,44210,4723028.0,1.01,-0.71,-0.007,0.07
2024-09-05,0.985,0.98,0.987,0.977,41492,4417661.0,1.02,-0.31,-0.003,0.07
2024-09-06,0.98,0.975,0.988,0.973,44815,4780393.0,1.53,-0.51,-0.005,0.07
2024-09-09,0.974,0.957,0.974,0.955,48091,5025993.0,1.95,-1.85,-0.018,0.08
2024-09-10,0.959,0.956,0.961,0.948,79660,8266240.0,1.36,-0.1,-0.001,0.13
2024-09-11,0.957,0.935,0.957,0.931,61225,6258291.0,2.72,-2.2,-0.021,0.1
2024-09-12,0.94,0.936,0.943,0.93,86861,8741043.0,1.39,0.11,0.001,0.14
2024-09-13,0.938,0.936,0.945,0.935,45452,4584896.0,1.07,0.0,0.0,0.07
2024-09-18,0.938,0.948,0.95,0.935,38505,3882822.0,1.6,1.28,0.012,0.06
2024-09-19,0.95,0.951,0.952,0.939,52525,5333791.0,1.37,0.32,0.003,0.08
2024-09-20,0.95,0.95,0.952,0.944,33039,3360892.0,0.84,-0.11,-0.001,0.05
2024-09-23,0.948,0.962,0.964,0.947,25634,2634228.0,1.79,1.26,0.012,0.04
2024-09-24,0.963,1.008,1.008,0.963,125322,13280144.0,4.68,4.78,0.046,0.2
2024-09-25,1.019,1.024,1.045,1.019,170950,18838837.0,2.58,1.59,0.016,0.27
2024-09-26,1.026,1.054,1.055,1.021,96246,10648526.0,3.32,2.93,0.03,0.15
2024-09-27,1.063,1.053,1.076,1.038,62246,7001787.0,3.61,-0.09,-0.001,0.1
2024-09-30,1.075,1.118,1.135,1.054,273387,31962462.0,7.69,6.17,0.065,0.43
2024-10-08,1.226,1.136,1.236,1.104,353388,43439770.0,11.81,1.61,0.018,0.56
2024-10-09,1.102,1.048,1.121,1.043,291696,33357852.0,6.87,-7.75,-0.088,0.46
2024-10-10,1.032,1.094,1.121,1.032,253341,29338147.0,8.49,4.39,0.046,0.4
2024-10-11,1.094,1.077,1.106,1.067,133906,15535976.0,3.56,-1.55,-0.017,0.21
2024-10-14,1.078,1.113,1.119,1.078,89785,10520217.0,3.81,3.34,0.036,0.14
2024-10-15,1.114,1.09,1.115,1.088,87110,10197714.0,2.43,-2.07,-0.023,0.14
2024-10-16,1.09,1.108,1.114,1.083,67883,7945037.0,2.84,1.65,0.018,0.11
2024-10-17,1.109,1.092,1.118,1.092,70352,8247982.0,2.35,-1.44,-0.016,0.11
2024-10-18,1.094,1.099,1.11,1.076,111079,12907028.0,3.11,0.64,0.007,0.18
2024-10-21,1.1,1.089,1.11,1.082,82298,9536893.0,2.55,-0.91,-0.01,0.13
2024-10-22,1.089,1.095,1.097,1.087,53948,6262954.0,0.92,0.55,0.006,0.09
2024-10-23,1.095,1.093,1.097,1.088,169030,19634238.0,0.82,-0.18,-0.002,0.27
2024-10-24,1.092,1.087,1.092,1.083,100601,11626726.0,0.82,-0.55,-0.006,0.16
2024-10-25,1.083,1.081,1.087,1.079,102335,11789958.0,0.74,-0.55,-0.006,0.16
2024-10-28,1.079,1.086,1.086,1.074,45465,5222269.0,1.11,0.46,0.005,0.07
2024-10-29,1.086,1.071,1.088,1.069,112454,12870550.0,1.75,-1.38,-0.015,0.18
2024-10-30,1.069,1.059,1.076,1.056,95044,10780140.0,1.87,-1.12,-0.012,0.15
2024-10-31,1.058,1.062,1.067,1.052,34769,3923895.0,1.42,0.28,0.003,0.05
2024-11-01,1.061,1.072,1.079,1.061,123135,14033241.0,1.69,0.94,0.01,0.19
2024-11-04,1.072,1.083,1.083,1.066,89847,10279551.0,1.59,1.03,0.011,0.14
2024-11-05,1.083,1.097,1.098,1.081,93636,10860262.0,1.57,1.29,0.014,0.15
2024-11-06,1.096,1.097,1.103,1.091,92381,10759362.0,1.09,0.0,0.0,0.15
2024-11-07,1.096,1.113,1.114,1.087,60209,7038780.0,2.46,1.46,0.016,0.1
2024-11-08,1.118,1.095,1.118,1.091,137265,16030689.0,2.43,-1.62,-0.018,0.22
2024-11-11,1.091,1.09,1.091,1.078,196805,22678162.0,1.19,-0.46,-0.005,0.31
2024-11-12,1.09,1.079,1.094,1.074,129136,14892512.0,1.83,-1.01,-0.011,0.2
2024-11-13,1.078,1.083,1.085,1.073,146177,16808064.0,1.11,0.37,0.004,0.23
2024-11-14,1.084,1.078,1.088,1.076,85647,9867197.0,1.11,-0.46,-0.005,0.14
2024-11-15,1.077,1.075,1.086,1.073,108726,12491132.0,1.21,-0.28,-0.003,0.17
2024-11-18,1.075,1.095,1.107,1.075,106826,12462240.0,2.98,1.86,0.02,0.17
2024-11-19,1.095,1.094,1.101,1.081,89440,10362093.0,1.83,-0.09,-0.001,0.14
2024-11-20,1.092,1.098,1.099,1.088,66398,7719037.0,1.01,0.37,0.004,0.1
2024-11-21,1.099,1.095,1.1,1.091,58612,6817817.0,0.82,-0.27,-0.003,0.09
2024-11-22,1.096,1.07,1.097,1.068,137749,15837808.0,2.65,-2.28,-0.025,0.22
2024-11-25,1.073,1.069,1.076,1.062,89369,10162385.0,1.31,-0.09,-0.001,0.14
2024-11-26,1.07,1.071,1.074,1.065,84187,9593999.0,0.84,0.19,0.002,0.13
2024-11-27,1.07,1.083,1.084,1.059,59616,6793596.0,2.33,1.12,0.012,0.09
2024-11-28,1.083,1.081,1.086,1.078,58796,6764482.0,0.74,-0.18,-0.002,0.09
2024-11-29,1.082,1.086,1.09,1.081,75554,8726395.0,0.83,0.46,0.005,0.12
2024-12-02,1.085,1.086,1.087,1.077,136891,15767029.0,0.92,0.0,0.0,0.22
2024-12-03,1.086,1.102,1.103,1.081,128610,14941954.0,2.03,1.47,0.016,0.2
2024-12-04,1.1,1.103,1.108,1.089,489000,57246778.0,1.72,0.09,0.001,0.77
2024-12-05,1.101,1.103,1.104,1.098,133699,15643893.0,0.54,0.0,0.0,0.21
2024-12-06,1.103,1.117,1.119,1.102,375117,44378737.0,1.54,1.27,0.014,0.59
2024-12-09,1.117,1.12,1.127,1.111,475463,56564747.0,1.43,0.27,0.003,0.75
2024-12-10,1.138,1.121,1.155,1.12,514031,61582280.0,3.13,0.09,0.001,0.81
2024-12-11,1.12,1.123,1.127,1.118,180312,21225397.0,0.8,0.18,0.002,0.28
2024-12-12,1.125,1.126,1.126,1.119,159644,18801509.0,0.62,0.27,0.003,0.25
2024-12-13,1.125,1.113,1.125,1.112,289881,33948793.0,1.15,-1.15,-0.013,0.46
2024-12-16,1.106,1.117,1.122,1.104,234128,27344205.0,1.62,0.36,0.004,0.37
2024-12-17,1.115,1.111,1.124,1.109,231657,27119322.0,1.34,-0.54,-0.006,0.37
2024-12-18,1.112,1.119,1.126,1.112,175403,20637374.0,1.26,0.72,0.008,0.28
2024-12-19,1.116,1.107,1.117,1.103,220929,25684492.0,1.25,-1.07,-0.012,0.35
2024-12-20,1.107,1.099,1.108,1.098,190755,22069926.0,0.9,-0.72,-0.008,0.3
2024-12-23,1.099,1.104,1.112,1.099,192443,22336997.0,1.18,0.45,0.005,0.3
2024-12-24,1.104,1.113,1.114,1.101,226199,26309951.0,1.18,0.82,0.009,0.36
2024-12-25,1.113,1.119,1.122,1.112,577803,67804063.0,0.9,0.54,0.006,0.91
2024-12-26,1.121,1.117,1.121,1.112,566791,66360843.0,0.8,-0.18,-0.002,0.89
2024-12-27,1.117,1.119,1.121,1.104,258496,30233090.0,1.52,0.18,0.002,0.41
2024-12-30,1.118,1.129,1.129,1.117,187446,22115038.0,1.07,0.89,0.01,0.3
2024-12-31,1.13,1.122,1.134,1.121,318273,37640466.0,1.15,-0.62,-0.007,0.5
2025-01-02,1.124,1.096,1.126,1.089,302818,35170577.0,3.3,-2.32,-0.026,0.48
2025-01-03,1.097,1.08,1.101,1.08,330823,37827168.0,1.92,-1.46,-0.016,0.52
2025-01-06,1.082,1.083,1.085,1.07,175790,19914107.0,1.39,0.28,0.003,0.28
2025-01-07,1.084,1.087,1.087,1.074,138411,15713799.0,1.2,0.37,0.004,0.22
2025-01-08,1.085,1.091,1.094,1.078,191865,21936061.0,1.47,0.37,0.004,0.3
2025-01-09,1.089,1.081,1.089,1.077,147087,16708592.0,1.1,-0.92,-0.01,0.23
2025-01-10,1.08,1.067,1.081,1.064,282497,31756213.0,1.57,-1.3,-0.014,0.45
2025-01-13,1.063,1.054,1.064,1.047,204245,22677439.0,1.59,-1.22,-0.013,0.32
2025-01-14,1.055,1.07,1.071,1.054,148167,16571477.0,1.61,1.52,0.016,0.23
2025-01-15,1.071,1.072,1.083,1.068,262343,29598960.0,1.4,0.19,0.002,0.41
2025-01-16,1.075,1.082,1.083,1.074,183926,20866311.0,0.84,0.93,0.01,0.29
2025-01-17,1.079,1.082,1.086,1.076,170286,19330470.0,0.92,0.0,0.0,0.27
2025-01-20,1.083,1.083,1.088,1.081,247613,28225350.0,0.65,0.09,0.001,0.39
2025-01-21,1.088,1.075,1.088,1.07,234863,26505702.0,1.66,-0.74,-0.008,0.37
2025-01-22,1.071,1.058,1.071,1.054,212927,23736587.0,1.58,-1.58,-0.017,0.34
2025-01-23,1.066,1.074,1.077,1.065,159938,18037839.0,1.13,1.51,0.016,0.25
2025-01-24,1.073,1.079,1.083,1.066,226548,25633900.0,1.58,0.47,0.005,0.36
2025-01-27,1.081,1.095,1.097,1.08,168803,19361960.0,1.58,1.48,0.016,0.27
2025-02-05,1.104,1.074,1.104,1.072,294533,33453009.0,2.92,-1.92,-0.021,0.46
2025-02-06,1.075,1.075,1.079,1.067,193822,21829365.0,1.12,0.09,0.001,0.31
2025-02-07,1.075,1.075,1.079,1.069,346007,39055049.0,0.93,0.0,0.0,0.55
2025-02-10,1.074,1.077,1.078,1.072,143400,16204163.0,0.56,0.19,0.002,0.23
2025-02-11,1.074,1.085,1.085,1.073,343424,39073845.0,1.11,0.74,0.008,0.54
2025-02-12,1.084,1.089,1.089,1.081,288210,32831482.0,0.74,0.37,0.004,0.45
2025-02-13,1.089,1.091,1.094,1.086,498600,57119704.0,0.73,0.18,0.002,0.79
2025-02-14,1.091,1.092,1.092,1.083,276817,31593246.0,0.82,0.09,0.001,0.44
2025-02-17,1.093,1.089,1.093,1.083,219172,25023794.0,0.92,-0.27,-0.003,0.35
2025-02-18,1.089,1.09,1.099,1.087,370965,42559903.0,1.1,0.09,0.001,0.59
2025-02-19,1.089,1.09,1.091,1.087,164188,18773910.0,0.37,0.0,0.0,0.26
2025-02-20,1.09,1.088,1.09,1.085,328958,37571663.0,0.46,-0.18,-0.002,0.52
2025-02-21,1.087,1.08,1.089,1.076,400880,45502877.0,1.19,-0.74,-0.008,0.63
2025-02-24,1.081,1.079,1.082,1.075,214931,24356208.0,0.65,-0.09,-0.001,0.34
2025-02-25,1.077,1.068,1.077,1.065,355865,40066158.0,1.11,-1.02,-0.011,0.56
2025-02-26,1.07,1.076,1.078,1.07,133094,15028332.0,0.75,0.75,0.008,0.21
2025-02-27,1.076,1.084,1.085,1.072,181291,20554311.0,1.21,0.74,0.008,0.29
2025-02-28,1.083,1.081,1.087,1.08,176495,20092733.0,0.65,-0.28,-0.003,0.28
2025-03-03,1.082,1.081,1.084,1.077,114200,12964526.0,0.65,0.0,0.0,0.18
2025-03-04,1.077,1.083,1.083,1.076,75669,8581439.0,0.65,0.19,0.002,0.12
2025-03-05,1.081,1.089,1.089,1.077,259866,29616572.0,1.11,0.55,0.006,0.41
2025-03-06,1.091,1.086,1.091,1.081,164061,18687568.0,0.92,-0.28,-0.003,0.26
2025-03-07,1.086,1.084,1.087,1.081,170061,19358846.0,0.55,-0.18,-0.002,0.27
2025-03-10,1.084,1.076,1.084,1.074,481246,54448943.0,0.92,-0.74,-0.008,0.76
2025-03-11,1.075,1.082,1.082,1.073,323946,36698804.0,0.84,0.56,0.006,0.51
2025-03-12,1.084,1.083,1.085,1.081,149612,16896366.0,0.37,0.09,0.001,0.24
2025-03-13,1.085,1.088,1.091,1.082,157868,17887059.0,0.83,0.46,0.005,0.25
2025-03-14,1.088,1.098,1.099,1.088,237237,27082122.0,1.01,0.92,0.01,0.37
2025-03-17,1.097,1.102,1.103,1.096,182862,20969901.0,0.64,0.36,0.004,0.29
2025-03-18,1.104,1.101,1.104,1.097,261222,29947119.0,0.64,-0.09,-0.001,0.41
2025-03-19,1.101,1.107,1.108,1.098,146956,16883194.0,0.91,0.54,0.006,0.23
2025-03-20,1.108,1.104,1.111,1.103,151995,17501130.0,0.72,-0.27,-0.003,0.24
2025-03-21,1.104,1.1,1.111,1.096,225351,25926482.0,1.36,-0.36,-0.004,0.36
2025-03-24,1.101,1.106,1.107,1.1,161767,18601630.0,0.64,0.55,0.006,0.26
2025-03-25,1.106,1.113,1.115,1.106,288635,33410237.0,0.81,0.63,0.007,0.46
2025-03-26,1.113,1.113,1.114,1.109,132986,15394290.0,0.45,0.0,0.0,0.21
2025-03-27,1.113,1.115,1.117,1.11,159396,18498710.0,0.63,0.18,0.002,0.25
2025-03-28,1.116,1.112,1.116,1.107,170335,19690218.0,0.81,-0.27,-0.003,0.27
2025-03-31,1.112,1.112,1.12,1.108,290778,33682586.0,1.08,0.0,0.0,0.46
2025-04-01,1.11,1.114,1.115,1.108,138690,16055525.0,0.63,0.18,0.002,0.22
2025-04-02,1.114,1.121,1.124,1.114,203825,23785217.0,0.9,0.63,0.007,0.32
2025-04-03,1.117,1.125,1.126,1.115,158162,18458714.0,0.98,0.36,0.004,0.25
2025-04-07,1.104,1.07,1.111,1.039,848971,94971015.0,6.4,-4.89,-0.055,1.34
2025-04-08,1.07,1.086,1.086,1.066,470375,52746269.0,1.87,1.5,0.016,0.74
2025-04-09,1.077,1.081,1.083,1.062,420907,47061802.0,1.93,-0.46,-0.005,0.66
2025-04-10,1.085,1.089,1.093,1.081,485959,55114118.0,1.11,0.74,0.008,0.77
2025-04-11,1.087,1.086,1.088,1.081,216055,24413345.0,0.64,-0.28,-0.003,0.34
2025-04-14,1.089,1.092,1.096,1.085,266951,30395695.0,1.01,0.55,0.006,0.42
2025-04-15,1.093,1.106,1.106,1.092,157030,17988852.0,1.28,1.28,0.014,0.25
2025-04-16,1.105,1.115,1.115,1.103,239449,27623481.0,1.08,0.81,0.009,0.38
2025-04-17,1.109,1.117,1.118,1.108,176565,20480869.0,0.9,0.18,0.002,0.28
2025-04-18,1.116,1.12,1.122,1.113,128161,14926898.0,0.81,0.27,0.003,0.2
2025-04-21,1.12,1.115,1.127,1.114,240760,28064560.0,1.16,-0.45,-0.005,0.38
2025-04-22,1.113,1.121,1.122,1.111,122495,14265734.0,0.99,0.54,0.006,0.19
2025-04-23,1.121,1.116,1.121,1.113,174989,20338182.0,0.71,-0.45,-0.005,0.28
2025-04-24,1.116,1.126,1.128,1.116,207008,24217875.0,1.08,0.9,0.01,0.33
2025-04-25,1.125,1.126,1.129,1.122,189846,22231133.0,0.62,0.0,0.0,0.3
2025-04-28,1.124,1.131,1.133,1.123,219648,25784014.0,0.89,0.44,0.005,0.35
2025-04-29,1.129,1.131,1.134,1.127,125514,14756667.0,0.62,0.0,0.0,0.2
2025-04-30,1.129,1.109,1.129,1.107,579318,67038774.0,1.95,-1.95,-0.022,0.91
2025-05-06,1.109,1.108,1.112,1.103,411872,47463289.0,0.81,-0.09,-0.001,0.65
2025-05-07,1.109,1.118,1.118,1.109,281866,32704570.0,0.81,0.9,0.01,0.44
2025-05-08,1.118,1.128,1.128,1.114,385208,45071168.0,1.25,0.89,0.01,0.61
2025-05-09,1.127,1.134,1.135,1.125,350959,41345491.0,0.89,0.53,0.006,0.55
2025-05-12,1.134,1.135,1.139,1.129,303405,35822963.0,0.88,0.09,0.001,0.48
2025-05-13,1.137,1.146,1.146,1.134,227536,27025138.0,1.06,0.97,0.011,0.36
2025-05-14,1.146,1.153,1.155,1.141,242924,29001305.0,1.22,0.61,0.007,0.38
2025-05-15,1.152,1.149,1.157,1.149,327051,39232119.0,0.69,-0.35,-0.004,0.52
2025-05-16,1.148,1.142,1.15,1.135,297271,35275167.0,1.31,-0.61,-0.007,0.47
2025-05-19,1.142,1.144,1.148,1.14,217817,25948992.0,0.7,0.18,0.002,0.34
2025-05-20,1.145,1.147,1.152,1.144,333206,39757442.0,0.7,0.26,0.003,0.53
2025-05-21,1.149,1.156,1.158,1.148,219233,26311271.0,0.87,0.78,0.009,0.35
2025-05-22,1.157,1.16,1.162,1.152,270045,32525576.0,0.87,0.35,0.004,0.43
2025-05-23,1.161,1.154,1.168,1.152,263404,31777248.0,1.38,-0.52,-0.006,0.42
2025-05-26,1.155,1.148,1.156,1.145,424187,50740147.0,0.95,-0.52,-0.006,0.67
2025-05-27,1.15,1.151,1.154,1.147,258386,30928443.0,0.61,0.26,0.003,0.41
2025-05-28,1.152,1.156,1.157,1.148,214700,25743348.0,0.78,0.43,0.005,0.34
2025-05-29,1.154,1.157,1.158,1.152,260701,31315006.0,0.52,0.09,0.001,0.41
2025-05-30,1.156,1.163,1.163,1.155,216863,26144011.0,0.69,0.52,0.006,0.34
2025-06-03,1.161,1.172,1.174,1.157,335800,40773158.0,1.46,0.77,0.009,0.53
2025-06-04,1.172,1.178,1.178,1.169,180267,21998259.0,0.77,0.51,0.006,0.28
2025-06-05,1.179,1.169,1.18,1.167,468015,56967447.0,1.1,-0.76,-0.009,0.74
2025-06-06,1.167,1.171,1.174,1.167,330854,40273482.0,0.6,0.17,0.002,0.52
2025-06-09,1.172,1.172,1.173,1.164,306326,37192278.0,0.77,0.09,0.001,0.48
2025-06-10,1.172,1.173,1.182,1.167,493112,60234919.0,1.28,0.09,0.001,0.78
2025-06-11,1.171,1.177,1.178,1.171,313652,38304005.0,0.6,0.34,0.004,0.5
2025-06-12,1.179,1.18,1.182,1.173,531120,64454109.0,0.76,0.25,0.003,0.84
2025-06-13,1.18,1.173,1.182,1.17,523029,63321683.0,1.02,-0.59,-0.007,0.83
2025-06-16,1.171,1.178,1.178,1.168,315074,38078105.0,0.85,0.43,0.005,0.5
2025-06-17,1.178,1.175,1.181,1.173,351446,42626582.0,0.68,-0.25,-0.003,0.55
2025-06-18,1.175,1.181,1.182,1.171,465230,56426084.0,0.94,0.51,0.006,0.73
2025-06-19,1.181,1.178,1.182,1.175,322691,39189963.0,0.59,-0.25,-0.003,0.51
2025-06-20,1.178,1.185,1.187,1.178,415901,50698907.0,0.76,0.59,0.007,0.66
2025-06-23,1.183,1.193,1.194,1.174,489414,59718403.0,1.69,0.68,0.008,0.77
2025-06-24,1.189,1.194,1.197,1.188,551756,67819952.0,0.75,0.08,0.001,0.87
2025-06-25,1.197,1.204,1.206,1.19,327070,40364450.0,1.34,0.84,0.01,0.52
2025-06-26,1.204,1.209,1.211,1.198,407324,50484600.0,1.08,0.42,0.005,0.64
2025-06-27,1.207,1.194,1.216,1.19,799462,99021748.0,2.15,-1.24,-0.015,1.26
2025-06-30,1.194,1.191,1.195,1.185,752934,92189234.0,0.84,-0.25,-0.003,1.19
2025-07-01,1.194,1.2,1.203,1.192,597144,73742304.0,0.92,0.76,0.009,0.94
2025-07-02,1.202,1.205,1.209,1.201,300305,37305149.0,0.67,0.42,0.005,0.47
2025-07-03,1.205,1.206,1.21,1.2,370172,45949375.0,0.83,0.08,0.001,0.58
2025-07-04,1.206,1.216,1.222,1.205,448693,56119114.0,1.41,0.83,0.01,0.71
2025-07-07,1.216,1.224,1.224,1.213,377481,47351907.0,0.9,0.66,0.008,0.6
2025-07-08,1.223,1.221,1.227,1.216,583345,73289593.0,0.9,-0.25,-0.003,0.92
2025-07-09,1.221,1.229,1.23,1.22,341863,43167590.0,0.82,0.66,0.008,0.54
2025-07-10,1.229,1.238,1.239,1.228,477565,60655768.0,0.9,0.73,0.009,0.75
2025-07-11,1.237,1.227,1.241,1.223,921878,116926958.0,1.45,-0.89,-0.011,1.46
2025-07-14,1.224,1.233,1.237,1.224,439344,55722861.0,1.06,0.49,0.006,0.69
2025-07-15,1.233,1.222,1.235,1.218,558493,70353613.0,1.38,-0.89,-0.011,0.88
2025-07-16,1.22,1.217,1.221,1.21,618604,77314556.0,0.9,-0.41,-0.005,0.98
2025-07-17,1.216,1.215,1.219,1.21,391255,48886867.0,0.74,-0.16,-0.002,0.62
2025-07-18,1.217,1.22,1.221,1.212,329425,41309106.0,0.74,0.41,0.005,0.52
2025-07-21,1.219,1.22,1.223,1.217,527006,66165705.0,0.49,0.0,0.0,0.83
2025-07-22,1.22,1.221,1.222,1.204,817140,102196288.0,1.48,0.08,0.001,1.29
2025-07-23,1.223,1.222,1.233,1.221,998963,126251094.0,0.98,0.08,0.001,1.58
2025-07-24,1.221,1.215,1.222,1.211,644873,80609769.0,0.9,-0.57,-0.007,1.02
2025-07-25,1.213,1.206,1.216,1.205,541975,67536974.0,0.91,-0.74,-0.009,0.86
2025-07-28,1.205,1.202,1.209,1.2,486582,60334896.0,0.75,-0.33,-0.004,0.77
2025-07-29,1.201,1.196,1.204,1.191,605702,74584954.0,1.08,-0.5,-0.006,0.96
2025-07-30,1.196,1.2,1.206,1.193,511811,63206264.0,1.09,0.33,0.004,0.81
2025-07-31,1.2,1.185,1.2,1.18,869588,106169569.0,1.67,-1.25,-0.015,1.37
2025-08-01,1.185,1.185,1.19,1.179,345247,42114941.0,0.93,0.0,0.0,0.54
2025-08-04,1.183,1.193,1.193,1.181,440057,53961022.0,1.01,0.68,0.008,0.69
2025-08-05,1.194,1.207,1.208,1.191,523583,64820704.0,1.42,1.17,0.014,0.83
2025-08-06,1.207,1.208,1.211,1.203,360302,44835580.0,0.66,0.08,0.001,0.57
2025-08-07,1.209,1.212,1.212,1.203,367661,45798128.0,0.75,0.33,0.004,0.58
2025-08-08,1.212,1.213,1.217,1.21,338571,42314164.0,0.58,0.08,0.001,0.53
2025-08-11,1.213,1.208,1.214,1.203,719245,89478374.0,0.91,-0.41,-0.005,1.14
2025-08-12,1.204,1.21,1.216,1.204,326697,40765879.0,0.99,0.17,0.002,0.52
2025-08-13,1.21,1.206,1.213,1.203,316968,39402505.0,0.83,-0.33,-0.004,0.5
2025-08-14,1.206,1.207,1.214,1.204,650518,80991128.0,0.83,0.08,0.001,1.03
2025-08-15,1.205,1.202,1.206,1.193,722532,89212963.0,1.08,-0.41,-0.005,1.14
2025-08-18,1.202,1.205,1.208,1.199,507589,62928228.0,0.75,0.25,0.003,0.8
2025-08-19,1.206,1.204,1.208,1.2,448403,55581731.0,0.66,-0.08,-0.001,0.71
2025-08-20,1.204,1.213,1.215,1.199,442735,55153148.0,1.33,0.75,0.009,0.7
2025-08-21,1.212,1.22,1.221,1.21,463158,58055933.0,0.91,0.58,0.007,0.73
2025-08-22,1.221,1.217,1.221,1.211,560721,70055946.0,0.82,-0.25,-0.003,0.88
2025-08-25,1.217,1.228,1.228,1.211,462745,58179620.0,1.4,0.9,0.011,0.73
2025-08-26,1.227,1.224,1.228,1.222,444038,56017025.0,0.49,-0.33,-0.004,0.7
2025-08-27,1.224,1.205,1.224,1.204,577231,72179969.0,1.63,-1.55,-0.019,0.91
2025-08-28,1.205,1.202,1.209,1.193,527148,65243490.0,1.33,-0.25,-0.003,0.83
2025-08-29,1.205,1.201,1.217,1.199,413440,51446921.0,1.5,-0.08,-0.001,0.65
2025-09-01,1.2,1.199,1.208,1.194,417894,51647915.0,1.17,-0.17,-0.002,0.66
2025-09-02,1.2,1.207,1.208,1.196,534087,66148202.0,1.0,0.67,0.008,0.84
2025-09-03,1.207,1.193,1.209,1.19,465102,57293004.0,1.57,-1.16,-0.014,0.73
2025-09-04,1.193,1.197,1.198,1.18,405686,49677048.0,1.51,0.34,0.004,0.64
2025-09-05,1.199,1.192,1.199,1.186,343458,42118387.0,1.09,-0.42,-0.005,0.54
2025-09-08,1.19,1.193,1.197,1.188,335865,41303818.0,0.76,0.08,0.001,0.53
2025-09-09,1.194,1.199,1.199,1.193,283119,34885010.0,0.5,0.5,0.006,0.45
2025-09-10,1.201,1.197,1.201,1.192,403983,49288063.0,0.75,-0.17,-0.002,0.64
2025-09-11,1.197,1.201,1.201,1.189,370428,45108323.0,1.0,0.33,0.004,0.58
2025-09-12,1.2,1.194,1.202,1.191,335187,40898838.0,0.92,-0.58,-0.007,0.53
2025-09-15,1.193,1.182,1.193,1.18,800687,96805342.0,1.09,-1.01,-0.012,1.26
2025-09-16,1.183,1.177,1.186,1.174,390974,47029832.0,1.02,-0.42,-0.005,0.62
2025-09-17,1.177,1.181,1.183,1.175,238954,28761180.0,0.68,0.34,0.004,0.38
2025-09-18,1.178,1.162,1.182,1.156,697450,83092995.0,2.2,-1.61,-0.019,1.1
2025-09-19,1.161,1.168,1.169,1.154,662349,78403452.0,1.29,0.52,0.006,1.05
2025-09-22,1.169,1.158,1.169,1.155,436531,51725690.0,1.2,-0.86,-0.01,0.69
2025-09-23,1.158,1.165,1.166,1.151,421631,49866436.0,1.3,0.6,0.007,0.67
2025-09-24,1.165,1.164,1.171,1.159,300098,35681113.0,1.03,-0.09,-0.001,0.47
2025-09-25,1.164,1.155,1.165,1.152,333227,39308955.0,1.12,-0.77,-0.009,0.53
2025-09-26,1.155,1.156,1.16,1.146,359547,42301083.0,1.21,0.09,0.001,0.57
2025-09-29,1.157,1.156,1.162,1.148,381565,44935728.0,1.21,0.0,0.0,0.6
2025-09-30,1.155,1.147,1.156,1.145,485455,56864429.0,0.95,-0.78,-0.009,0.77
2025-10-09,1.146,1.148,1.149,1.141,438618,51256018.0,0.7,0.09,0.001,0.69
2025-10-10,1.147,1.159,1.163,1.145,547717,64668055.0,1.57,0.96,0.011,0.86
2025-10-13,1.158,1.166,1.168,1.144,717429,84533935.0,2.07,0.6,0.007,1.13
2025-10-14,1.164,1.188,1.188,1.159,643037,77120127.0,2.49,1.89,0.022,1.01
2025-10-15,1.186,1.191,1.192,1.18,671008,81359318.0,1.01,0.25,0.003,1.06
2025-10-16,1.191,1.2,1.2,1.191,632035,77121688.0,0.76,0.76,0.009,1.0
2025-10-17,1.197,1.196,1.206,1.191,664368,81355077.0,1.25,-0.33,-0.004,1.05
2025-10-20,1.196,1.196,1.197,1.18,457974,55522929.0,1.42,0.0,0.0,0.72
2025-10-21,1.194,1.2,1.203,1.192,395552,48316391.0,0.92,0.33,0.004,0.62
2025-10-22,1.196,1.207,1.208,1.196,321716,39485520.0,1.0,0.58,0.007,0.51
2025-10-23,1.206,1.214,1.215,1.204,339116,41842247.0,0.91,0.58,0.007,0.54
2025-10-24,1.213,1.207,1.213,1.205,419317,51669347.0,0.66,-0.58,-0.007,0.66
2025-10-27,1.205,1.207,1.211,1.198,402269,49434833.0,1.08,0.0,0.0,0.63
2025-10-28,1.206,1.205,1.21,1.198,422103,51867734.0,0.99,-0.17,-0.002,0.67
2025-10-29,1.205,1.196,1.205,1.189,344035,41921730.0,1.33,-0.75,-0.009,0.54
2025-10-30,1.195,1.196,1.204,1.194,377540,46155949.0,0.84,0.0,0.0,0.6
2025-10-31,1.194,1.196,1.198,1.189,479413,58350388.0,0.75,0.0,0.0,0.76
2025-11-03,1.196,1.212,1.212,1.196,903185,111150561.0,1.34,1.34,0.016,1.43
2025-11-04,1.212,1.225,1.229,1.211,1401462,174922650.0,1.49,1.07,0.013,2.21
2025-11-05,1.222,1.227,1.228,1.218,526836,65793057.0,0.82,0.16,0.002,0.83
2025-11-06,1.222,1.225,1.23,1.219,481251,60127841.0,0.9,-0.16,-0.002,0.76
2025-11-07,1.222,1.226,1.234,1.222,389213,48734407.0,0.98,0.08,0.001,0.61
2025-11-10,1.226,1.237,1.238,1.222,607806,76357077.0,1.31,0.9,0.011,0.96
2025-11-11,1.236,1.241,1.243,1.233,555062,70104339.0,0.81,0.32,0.004,0.88
2025-11-12,1.243,1.252,1.259,1.243,610326,77914731.0,1.29,0.89,0.011,0.96
2025-11-13,1.252,1.249,1.255,1.242,555762,70641990.0,1.04,-0.24,-0.003,0.88
2025-11-14,1.248,1.245,1.258,1.243,762724,97362968.0,1.2,-0.32,-0.004,1.2
2025-11-17,1.245,1.235,1.245,1.231,602830,75970396.0,1.12,-0.8,-0.01,0.95
2025-11-18,1.238,1.226,1.238,1.222,636961,79792212.0,1.3,-0.73,-0.009,1.01
2025-11-19,1.226,1.229,1.234,1.225,503232,63048520.0,0.73,0.24,0.003,0.79
2025-11-20,1.229,1.235,1.245,1.226,938947,118220611.0,1.55,0.49,0.006,1.48
2025-11-21,1.23,1.218,1.236,1.216,980118,122284104.0,1.62,-1.38,-0.017,1.55
2025-11-24,1.22,1.21,1.224,1.209,1113684,137952672.0,1.23,-0.66,-0.008,1.76
2025-11-25,1.21,1.218,1.22,1.207,490530,60719344.0,1.07,0.66,0.008,0.77
2025-11-26,1.219,1.21,1.223,1.21,569362,70483895.0,1.07,-0.66,-0.008,0.9
2025-11-27,1.21,1.211,1.216,1.204,846869,104668798.0,0.99,0.08,0.001,1.34
2025-11-28,1.21,1.213,1.214,1.207,551397,68046893.0,0.58,0.17,0.002,0.87
2025-12-01,1.211,1.222,1.222,1.207,583490,72379085.0,1.24,0.74,0.009,0.92
2025-12-02,1.221,1.219,1.222,1.216,482565,59963340.0,0.49,-0.25,-0.003,0.76
2025-12-03,1.219,1.214,1.223,1.212,564459,70104891.0,0.9,-0.41,-0.005,0.89
2025-12-04,1.213,1.207,1.216,1.206,608110,74997095.0,0.82,-0.58,-0.007,0.96
2025-12-05,1.209,1.202,1.209,1.195,1031247,126306895.0,1.16,-0.41,-0.005,1.63
2025-12-08,1.204,1.198,1.204,1.195,647118,79136786.0,0.75,-0.33,-0.004,1.02
2025-12-09,1.199,1.191,1.2,1.189,740241,90097074.0,0.92,-0.58,-0.007,1.17
2025-12-10,1.192,1.183,1.193,1.18,1027951,123044015.0,1.09,-0.67,-0.008,1.62
2025-12-11,1.184,1.178,1.185,1.176,791759,94381526.0,0.76,-0.42,-0.005,1.25
2025-12-12,1.18,1.179,1.181,1.176,630682,75055150.0,0.42,0.08,0.001,1.0
2025-12-15,1.177,1.18,1.186,1.173,1323357,157866442.0,1.1,0.08,0.001,2.09
2025-12-16,1.18,1.173,1.184,1.172,1397946,166130503.0,1.02,-0.59,-0.007,2.21
2025-12-17,1.173,1.176,1.179,1.169,867373,102830515.0,0.85,0.26,0.003,1.37
2025-12-18,1.175,1.187,1.188,1.172,975441,116490622.0,1.36,0.94,0.011,1.54
2025-12-19,1.186,1.185,1.19,1.181,1196744,143395550.0,0.76,-0.17,-0.002,1.89
2025-12-22,1.186,1.179,1.187,1.178,942402,112345767.0,0.76,-0.51,-0.006,1.49
2025-12-23,1.179,1.179,1.185,1.177,855764,102044091.0,0.68,0.0,0.0,1.35
2025-12-24,1.179,1.182,1.183,1.175,614551,73178433.0,0.68,0.25,0.003,0.97
2025-12-25,1.183,1.183,1.187,1.18,939610,112349631.0,0.59,0.08,0.001,1.48
2025-12-26,1.183,1.182,1.185,1.18,709822,84735280.0,0.42,-0.08,-0.001,1.12
2025-12-29,1.182,1.181,1.185,1.176,700763,83615494.0,0.76,-0.08,-0.001,1.11
2025-12-30,1.181,1.18,1.182,1.176,1445695,172366080.0,0.51,-0.08,-0.001,2.28
2025-12-31,1.18,1.18,1.185,1.179,809087,96548057.0,0.51,0.0,0.0,1.28
2026-01-05,1.181,1.18,1.182,1.173,1291309,153565947.0,0.76,0.0,0.0,2.04
2026-01-06,1.183,1.181,1.183,1.174,1839510,218873046.0,0.76,0.08,0.001,2.9
2026-01-07,1.181,1.175,1.182,1.174,1263956,150240198.0,0.68,-0.51,-0.006,1.99
2026-01-08,1.174,1.167,1.175,1.166,1815055,214391711.0,0.77,-0.68,-0.008,2.86
2026-01-09,1.167,1.168,1.169,1.164,1282357,151069729.0,0.43,0.09,0.001,2.02
2026-01-12,1.168,1.171,1.171,1.163,1287954,151856186.0,0.68,0.26,0.003,2.03
2026-01-13,1.171,1.173,1.178,1.17,1099488,130517617.0,0.68,0.17,0.002,1.74
2026-01-14,1.173,1.162,1.174,1.162,2269287,267658021.0,1.02,-0.94,-0.011,3.58
2026-01-15,1.162,1.159,1.166,1.158,1089558,127867765.0,0.69,-0.26,-0.003,1.72
2026-01-16,1.16,1.151,1.162,1.147,1902288,221630664.0,1.29,-0.69,-0.008,3.0
2026-01-19,1.151,1.152,1.155,1.147,1503831,174883683.0,0.7,0.09,0.001,2.37
2026-01-20,1.151,1.168,1.169,1.15,1324687,155335317.0,1.65,1.39,0.016,2.09
2026-01-21,1.169,1.16,1.17,1.158,1275767,149927457.0,1.03,-0.68,-0.008,2.01
2026-01-22,1.159,1.162,1.167,1.157,962312,112961853.0,0.86,0.17,0.002,1.52
2026-01-23,1.161,1.156,1.164,1.155,1048726,122810820.0,0.77,-0.52,-0.006,1.66
2026-01-26,1.156,1.165,1.167,1.154,1071470,125666836.0,1.12,0.78,0.009,1.69
2026-01-27,1.165,1.158,1.166,1.157,1110904,130406139.0,0.77,-0.6,-0.007,1.75
2026-01-28,1.157,1.162,1.167,1.153,1262957,148094567.0,1.21,0.35,0.004,1.99
2026-01-29,1.161,1.177,1.177,1.158,1501993,177202005.0,1.64,1.29,0.015,2.37
2026-01-30,1.177,1.179,1.186,1.171,1577038,187926221.0,1.27,0.17,0.002,2.49
2026-02-02,1.176,1.163,1.18,1.16,1843628,218486431.0,1.7,-1.36,-0.016,2.91
2026-02-03,1.164,1.16,1.164,1.152,1448626,169438649.0,1.03,-0.26,-0.003,2.29
2026-02-04,1.158,1.175,1.177,1.158,1059621,125307858.0,1.64,1.29,0.015,1.67
2026-02-05,1.176,1.189,1.191,1.176,2258075,270344342.0,1.28,1.19,0.014,3.56
2026-02-06,1.187,1.186,1.191,1.181,1226588,147132720.0,0.84,-0.25,-0.003,1.94
2026-02-09,1.185,1.191,1.192,1.182,1198545,143847185.0,0.84,0.42,0.005,1.89
2026-02-10,1.19,1.196,1.197,1.189,1149182,138582083.0,0.67,0.42,0.005,1.81
2026-02-11,1.196,1.199,1.199,1.191,657190,79412493.0,0.67,0.25,0.003,1.04
2026-02-12,1.198,1.188,1.199,1.186,1207476,145084872.0,1.08,-0.92,-0.011,1.91
2026-02-13,1.186,1.176,1.188,1.173,1358633,162051348.0,1.26,-1.01,-0.012,2.14
2026-02-24,1.179,1.184,1.186,1.179,1128668,134870294.0,0.6,0.68,0.008,1.78
2026-02-25,1.184,1.181,1.191,1.178,1090729,130611703.0,1.1,-0.25,-0.003,1.72
2026-02-26,1.183,1.179,1.185,1.174,1058123,125902496.0,0.93,-0.17,-0.002,1.67
2026-02-27,1.179,1.183,1.184,1.176,868998,103699373.0,0.68,0.34,0.004,1.37
2026-03-02,1.18,1.193,1.194,1.178,1333725,159810709.0,1.35,0.85,0.01,2.11
2026-03-03,1.194,1.207,1.213,1.192,1898203,230700239.0,1.76,1.17,0.014,3.0
2026-03-04,1.204,1.189,1.204,1.182,1507688,181067570.0,1.82,-1.49,-0.018,2.38
2026-03-05,1.189,1.192,1.196,1.183,1378410,165519369.0,1.09,0.25,0.003,2.18
2026-03-06,1.191,1.198,1.199,1.188,1217393,146723275.0,0.92,0.5,0.006,1.92
2026-03-09,1.197,1.197,1.205,1.194,4185766,507306834.0,0.92,-0.08,-0.001,6.61
2026-03-10,1.195,1.196,1.196,1.187,3461142,417293836.0,0.75,-0.08,-0.001,5.46
2026-03-11,1.196,1.206,1.209,1.188,2278061,272451021.0,1.76,0.84,0.01,3.6
2026-03-12,1.205,1.214,1.216,1.205,1396052,169106627.0,0.91,0.66,0.008,2.2
2026-03-13,1.212,1.218,1.224,1.212,1905900,232294449.0,0.99,0.33,0.004,3.01
2026-03-16,1.218,1.218,1.221,1.21,1365116,165990691.0,0.9,0.0,0.0,2.15
2026-03-17,1.216,1.22,1.224,1.215,1431404,174726865.0,0.74,0.16,0.002,2.26
2026-03-18,1.22,1.215,1.22,1.207,3620817,439658248.0,1.07,-0.41,-0.005,5.71
2026-03-19,1.212,1.21,1.22,1.208,1179868,143252213.0,0.99,-0.41,-0.005,1.86
2026-03-20,1.21,1.205,1.218,1.205,1627178,197076480.0,1.07,-0.41,-0.005,2.57
2026-03-23,1.201,1.166,1.203,1.161,3424386,403542125.0,3.49,-3.24,-0.039,5.4
2026-03-24,1.171,1.187,1.188,1.168,2343912,276303744.0,1.72,1.8,0.021,3.7
2026-03-25,1.187,1.195,1.197,1.177,1645163,195679574.0,1.68,0.67,0.008,2.6
2026-03-26,1.195,1.195,1.202,1.193,1413775,169206518.0,0.75,0.0,0.0,2.23
2026-03-27,1.191,1.192,1.199,1.187,1402382,167127464.0,1.0,-0.25,-0.003,2.21
2026-03-30,1.188,1.203,1.204,1.188,2142889,256615116.0,1.34,0.92,0.011,3.38
