日期,开盘,收盘,最高,最低,成交量,成交额,振幅,涨跌幅,涨跌额,换手率,momentum_20,volatility_20,volume_mean_20,return_mean_20,amplitude_mean_20,turnover_mean_20,MA_5,MA_10,Y_next_day_return,Y_future_5d_return,Y_future_10d_return,Y_future_5d_vol_change,Y_future_10d_vol_change
2024-12-27,1.008,0.988,1.08,0.971,756449,74384831.0,11.08,0.41,0.004,5.56,,,,,,,,,0.0030364372469635637,-0.019230769230769273,-0.05971659919028338,,
2024-12-30,0.995,0.991,1.011,0.986,901747,89954136.0,2.53,0.3,0.003,6.63,,,,,,,,,-0.006054490413723523,-0.03329969727547932,-0.04036326942482349,,
2024-12-31,0.991,0.985,0.995,0.983,214765,21243050.0,1.21,-0.61,-0.006,1.58,,,,,,,,,-0.020304568527918843,-0.04467005076142139,-0.04162436548223358,,
2025-01-02,0.985,0.965,0.994,0.965,94385,9202726.0,2.94,-2.03,-0.02,0.69,,,,,,,,,-0.005181347150259086,-0.015544041450777257,-0.02694300518134718,,
2025-01-03,0.966,0.96,0.983,0.956,243625,23693392.0,2.8,-0.52,-0.005,1.79,,,,,,,0.9778,,0.009374999999999911,-0.021874999999999978,-0.006249999999999978,,
2025-01-06,0.97,0.969,0.984,0.961,157568,15313008.0,2.4,0.94,0.009,1.16,,,,,,,0.974,,-0.011351909184726505,-0.04127966976264186,0.01031991744066052,-0.06814711080163782,
2025-01-07,0.981,0.958,0.981,0.952,111531,10700085.0,2.99,-1.14,-0.011,0.82,,,,,,,0.9673999999999999,,-0.017745302713987443,-0.007306889352818424,0.01565762004175375,0.6052734369628461,
2025-01-08,0.956,0.941,0.96,0.934,57812,5456664.0,2.71,-1.77,-0.017,0.42,,,,,,,0.9586,,0.009564293304994642,0.0031880977683316214,0.03188097768331555,0.30100096531880993,
2025-01-09,0.938,0.95,0.961,0.938,141651,13511453.0,2.44,0.96,0.009,1.04,,,,,,,0.9555999999999999,,-0.011578947368421022,-0.011578947368421022,0.011578947368421133,0.19807804535941664,
2025-01-10,0.956,0.939,0.958,0.937,67982,6451813.0,2.21,-1.16,-0.011,0.5,,,,,,,0.9513999999999999,0.9645999999999999,-0.010649627263045636,0.015974440894568787,0.04366347177848784,0.20244378693283127,
2025-01-13,0.939,0.929,0.939,0.925,38357,3576003.0,1.49,-1.06,-0.01,0.28,,,,,,,0.9433999999999999,0.9587,0.023681377825618855,0.05382131324004291,0.055974165769644646,0.5322989397565148,0.35813004156507966
2025-01-14,0.938,0.951,0.982,0.938,1374670,131746598.0,4.74,2.37,0.022,10.1,,,,,,,0.942,0.9547000000000001,-0.007360672975814886,0.023133543638275578,0.03785488958990535,-0.11126708090480164,-0.08619577655316502
2025-01-15,0.958,0.944,0.958,0.941,278040,26285439.0,1.79,-0.74,-0.007,2.04,,,,,,,0.9426,0.9505999999999999,-0.005296610169491567,0.028601694915254328,0.08898305084745761,-0.05638692756177688,0.19892685982149105
2025-01-16,0.95,0.939,0.964,0.93,253925,24061239.0,3.6,-0.53,-0.005,1.87,,,,,,,0.9404,0.9479999999999998,0.015974440894568787,0.023429179978700754,0.10223642172523961,0.06275515967485945,0.25404921825555316
2025-01-17,0.94,0.954,1.02,0.939,3291942,319658284.0,8.63,1.6,0.015,24.19,,,,,,,0.9433999999999999,0.9474,0.026205450733752578,0.027253668763102645,0.09433962264150941,0.058855682215020355,0.13403050777832926
2025-01-20,0.962,0.979,0.998,0.962,2106813,207910394.0,3.77,2.62,0.025,15.48,,,,,,,0.9533999999999999,0.9483999999999998,-0.006128702757916216,0.0020429009193054792,0.050051072522982576,-0.27283474607953484,0.011317957909651843
2025-01-21,0.993,0.973,0.993,0.969,632754,61815531.0,2.45,-0.61,-0.006,4.65,,,,,,,0.9578,0.9499000000000001,-0.0020554984583761593,0.014388489208633004,0.05241521068859201,-0.2773608061008511,0.025084272785320216
2025-01-22,0.974,0.971,0.976,0.967,260845,25329491.0,0.92,-0.21,-0.002,1.92,,,,,,,0.9632,0.9529,-0.01029866117404743,0.05870236869207002,0.05973223480947465,0.3678197180994771,0.11289632381803338
2025-01-23,0.98,0.961,0.986,0.96,411595,40123711.0,2.68,-1.03,-0.01,3.02,,,,,,,0.9675999999999998,0.9540000000000001,0.019771071800208206,0.07700312174817903,0.10613943808532778,0.04556945732488482,0.14785377483719397
2025-01-24,0.965,0.98,0.99,0.961,772575,75487315.0,3.02,1.98,0.019,5.68,,,608451.55,-0.011499999999999977,3.3200000000000003,4.471,0.9728,0.9581,0.0010204081632652073,0.06530612244897971,0.12040816326530623,-0.0056669702287937,0.21009740003541788
2025-01-27,0.98,0.981,0.994,0.979,191626,18899337.0,1.53,0.1,0.001,1.41,-0.007085020242915019,0.013531448325277112,580210.4,-0.026999999999999975,2.8425000000000002,4.2635,0.9732,0.9633,0.006116207951070374,0.04791029561671767,0.11824668705402641,0.7565450334979114,0.29332420574903706
2025-02-05,0.992,0.987,0.996,0.982,191565,18964015.0,1.43,0.61,0.006,1.41,-0.004036326942482349,0.01358844679166766,544701.3,-0.011499999999999977,2.7875,4.0024999999999995,0.976,0.9669000000000001,0.041540020263424626,0.037487335359675855,0.13779128672745689,0.908568121210175,0.4658587442683735
2025-02-06,0.987,1.028,1.037,0.987,968030,99003571.0,5.07,4.15,0.041,7.11,0.04365482233502549,0.01637530880368736,582364.55,0.22650000000000006,2.9805,4.279000000000001,0.9873999999999998,0.9753000000000001,0.006809338521400754,0.0009727626459143934,0.10894941634241229,-0.5003875953552672,-0.05280354577061952
2025-02-07,1.028,1.035,1.046,1.026,520187,54062338.0,1.95,0.68,0.007,3.82,0.07253886010362698,0.015507860688109667,603654.65,0.362,2.931,4.4355,1.0022,0.9849,0.008695652173913215,0.0270531400966183,0.156521739130435,0.09918458240199413,0.2511698221061227
2025-02-10,1.099,1.044,1.111,1.041,1665470,175687136.0,6.76,0.87,0.009,12.24,0.08750000000000013,0.015403411723683886,674746.9,0.43150000000000005,3.129,4.958,1.0150000000000001,0.9939,-0.01532567049808431,0.051724137931034475,0.12164750957854409,0.3432705699690304,0.4575331479726512
2025-02-11,1.044,1.028,1.047,1.022,461943,47628349.0,2.39,-1.53,-0.016,3.39,0.06088751289989691,0.01595660504469961,689965.65,0.3080000000000001,3.1285,5.0695,1.0244,0.9988000000000001,-0.0038910505836575737,0.06712062256809337,0.12840466926070038,-0.10106458047699807,0.3722298412912244
2025-02-12,1.026,1.024,1.031,1.016,351981,35961857.0,1.46,-0.39,-0.004,2.59,0.06889352818371619,0.015686390217317433,701988.15,0.34550000000000003,3.052,5.1579999999999995,1.0318,1.0039,0.0048828125,0.0966796875,0.189453125,-0.2538151156794385,0.5110595642535776
2025-02-13,1.028,1.029,1.043,1.024,392960,40667846.0,1.86,0.49,0.005,2.89,0.09351753453772571,0.014871903771586198,718745.55,0.4585000000000001,3.0095,5.281499999999999,1.032,1.0097,0.033041788143828965,0.10787172011661816,0.1904761904761907,0.4298495868697849,0.5268505738206428
2025-02-14,1.04,1.063,1.126,1.037,5412990,577456062.0,8.65,3.3,0.034,39.78,0.11894736842105269,0.016156781065173143,982312.5,0.5755000000000001,3.3200000000000003,7.218500000000001,1.0375999999999999,1.0199,0.03292568203198498,0.1260583254938854,0.10724365004703684,0.061488465484182964,0.7441015906718513
2025-02-17,1.077,1.098,1.1,1.067,1902762,206387878.0,3.1,3.29,0.035,13.98,0.1693290734824282,0.0166990396812145,1074051.5,0.798,3.3645000000000005,7.8925,1.0484,1.0317,-0.0009107468123862317,0.06648451730418947,0.061930783242258425,0.22731437634581186,0.5928687694268593
2025-02-18,1.085,1.097,1.113,1.083,835605,91840897.0,2.73,-0.09,-0.001,6.14,0.18083961248654457,0.01626343076959352,1113913.9,0.8465,3.4265,8.185500000000001,1.0622,1.0433,0.02370100273473108,0.057429352780309806,0.06289881494986327,0.5397596000590155,0.579945933516351
2025-02-19,1.103,1.123,1.132,1.098,738246,82629621.0,3.1,2.37,0.026,5.43,0.18086225026288116,0.01626439741767825,1082092.7,0.8465,3.3445,7.952000000000001,1.082,1.0569000000000002,0.015138023152270641,0.0845948352626893,0.048085485307212794,1.0832832569961837,0.5244340379262233
2025-02-20,1.126,1.14,1.154,1.116,1686544,192212020.0,3.38,1.51,0.017,12.39,0.2076271186440677,0.015885425320908905,1152517.9,0.9590000000000002,3.4239999999999995,8.4695,1.1042,1.0681,0.050000000000000044,0.07456140350877205,0.04561403508771944,1.3533925399071127,0.7893009195631258
2025-02-21,1.147,1.197,1.199,1.145,1598902,188109453.0,4.74,5.0,0.057,11.75,0.2747603833865817,0.017847930022392596,1219766.75,1.2355,3.4810000000000003,8.9635,1.131,1.0843,-0.02172096908939014,-0.01670843776106934,-0.0025062656641604564,0.7755609428359562,0.17187772719037753
2025-02-24,1.209,1.171,1.209,1.162,1748747,206419798.0,3.93,-2.17,-0.026,12.85,0.22746331236897288,0.019371531199144656,1142607.0,1.0470000000000002,3.246,8.3965,1.1456,1.097,-0.009393680614859234,-0.004269854824936026,0.0,0.21234480926017762,0.004558431106527205
2025-02-25,1.165,1.16,1.185,1.129,1194678,139278159.0,4.78,-0.94,-0.011,8.78,0.18488253319714,0.019485322687317404,1097000.25,0.8690000000000001,3.2965000000000004,8.061499999999999,1.1582,1.1101999999999999,0.050000000000000044,0.005172413793103514,0.012068965517241459,0.14092442772712688,0.025293455218797334
2025-02-26,1.179,1.218,1.222,1.166,1595299,191289669.0,4.83,5.0,0.058,11.72,0.2517985611510791,0.02120404868164294,1145127.5,1.1495000000000002,3.4155,8.415,1.1771999999999998,1.1296,0.005747126436781658,-0.033661740558292186,-0.03776683087027921,-0.4102708266979992,-0.3685529371264543
2025-02-27,1.227,1.225,1.247,1.196,1938372,236720880.0,4.19,0.57,0.007,14.24,0.2615859938208034,0.02101238508948694,1229003.85,1.1885,3.5789999999999997,9.031,1.1942,1.1492,-0.03918367346938778,-0.026938775510204183,-0.04653061224489807,-0.3775762310400974,-0.38189007166489397
2025-02-28,1.231,1.177,1.243,1.175,1270829,152904396.0,5.55,-3.92,-0.048,9.34,0.22476586888657657,0.02346721355624296,1271965.55,1.044,3.7225,9.347,1.1902,1.1606,-0.009345794392523477,0.014443500424808686,0.0450297366185215,-0.7444638974016917,-0.34852908125688575
2025-03-03,1.187,1.166,1.2,1.158,1329599,157350904.0,3.57,-0.93,-0.011,9.77,0.189795918367347,0.023759748023661962,1299816.75,0.8985000000000001,3.75,9.551499999999999,1.1892,1.1674000000000002,0.0,0.004288164665523286,0.04373927958833623,-0.6174098097138301,-0.3332660903675244
2025-03-04,1.146,1.166,1.166,1.13,957771,110013557.0,3.09,0.0,0.0,7.04,0.18858307849133538,0.02377885536136386,1338124.0,0.8935000000000001,3.8280000000000003,9.833,1.1904,1.1743,0.009433962264151052,0.006861063464836947,0.07375643224699835,-0.6127574339834836,-0.28611868353141345
2025-03-05,1.175,1.177,1.191,1.165,937391,110207888.0,2.23,0.94,0.011,6.89,0.19250253292806496,0.023769680441206427,1375415.3,0.9099999999999999,3.868,10.107,1.1822000000000001,1.1797,0.01274426508071369,-0.004248088360238045,0.07561597281223453,-0.4029877361868708,-0.270226426599395
2025-03-06,1.197,1.192,1.219,1.189,1357504,163168417.0,2.55,1.27,0.015,9.98,0.15953307392996097,0.022542167017706508,1394889.0,0.766,3.742,10.2505,1.1756,1.1849,0.001677852348993314,-0.020134228187919434,0.07718120805369133,-0.5747008471697486,-0.2664171716188055
2025-03-07,1.187,1.194,1.221,1.182,1155132,139106193.0,3.27,0.17,0.002,8.49,0.15362318840579725,0.022581616209410828,1426636.25,0.7405,3.8080000000000007,10.484,1.1789999999999998,1.1846,-0.019262981574539317,0.03015075376884435,0.02680067001675046,2.17268696308943,0.13727919682382383
2025-03-10,1.205,1.171,1.218,1.168,884069,105029933.0,4.19,-1.93,-0.023,6.5,0.12164750957854409,0.023350211951941872,1387566.2,0.6005,3.6795,10.197,1.18,1.1846,0.002561912894961438,0.03928266438941086,0.04013663535439793,1.0582846882983405,0.11085013811331934
2025-03-11,1.163,1.174,1.194,1.16,1028353,121305639.0,2.9,0.26,0.003,7.56,0.14202334630350189,0.02282656819833658,1415886.7,0.6900000000000001,3.7050000000000005,10.4055,1.1816,1.1860000000000002,-0.0017035775127768327,0.06643952299829659,0.02470187393526424,1.1583350120776377,0.14568870885904017
2025-03-12,1.183,1.172,1.196,1.171,746318,88431193.0,2.13,-0.17,-0.002,5.48,0.14453125,0.022777292230160846,1435603.55,0.701,3.7385000000000006,10.55,1.1805999999999999,1.1814,-0.0034129692832765013,0.08020477815699656,0.026450511945392607,1.2073486189048044,0.7037882163839662
2025-03-13,1.177,1.168,1.204,1.158,1362513,160901177.0,3.92,-0.34,-0.004,10.01,0.1350826044703597,0.02289343560820397,1484081.2,0.6595000000000001,3.8415,10.906,1.1758000000000002,1.1757,0.05308219178082196,0.09931506849315075,0.09332191780821919,1.6562739016197363,1.118679281643947
2025-03-14,1.176,1.23,1.231,1.176,1369173,165567927.0,4.71,5.31,0.062,10.06,0.1571025399811854,0.02449419801711547,1281890.35,0.76,3.6445,9.42,1.183,1.1809999999999998,-0.010569105691056846,-0.003252032520325243,0.052032520325203224,0.0472420767745616,0.4643072896933178
2025-03-17,1.24,1.217,1.241,1.211,1121442,137018977.0,2.44,-1.06,-0.013,8.24,0.10837887067395258,0.024054568478818865,1242824.35,0.5425000000000001,3.6114999999999995,9.133000000000001,1.1922000000000001,1.1861,0.028759244042728005,0.0008216926869351049,0.059161873459326,0.10900593038285211,0.4387934104223523
2025-03-18,1.231,1.252,1.268,1.231,1679441,210964179.0,3.04,2.88,0.035,12.34,0.14129443938012765,0.024552743536086333,1285016.15,0.6910000000000001,3.6270000000000002,9.443,1.2078,1.1947,0.011182108626198062,-0.039137380191693216,0.09185303514376986,-0.11584185906070643,0.5542033010158958
2025-03-19,1.256,1.266,1.268,1.249,1352626,170331143.0,1.52,1.12,0.014,9.94,0.12733748886910057,0.024260049711213368,1315735.15,0.6285000000000001,3.5479999999999996,9.668499999999998,1.2266,1.2036,0.014218009478673022,-0.04976303317535535,0.06240126382306466,-0.14315436104582535,0.5985401341113703
2025-03-20,1.273,1.284,1.297,1.264,1577423,202251510.0,2.61,1.42,0.018,11.59,0.12631578947368438,0.024243249357819407,1310279.1,0.624,3.5095,9.628499999999999,1.2498,1.2128,-0.04517133956386299,-0.005451713395638769,0.03504672897196248,0.6483623620857726,0.6120820346063469
2025-03-21,1.284,1.226,1.284,1.216,1461849,181656646.0,5.3,-4.52,-0.058,10.74,0.024227234753550375,0.024540416912171896,1303426.45,0.14800000000000005,3.5375,9.578,1.249,1.216,-0.006525285481239762,0.05546492659053848,-0.024469820554649302,0.03310376251808833,0.6837307886854687
2025-03-24,1.226,1.218,1.252,1.205,1419753,174661629.0,3.83,-0.65,-0.008,10.43,0.04013663535439793,0.024013810352505143,1286976.75,0.22400000000000003,3.5325,9.457,1.2491999999999999,1.2207000000000001,-0.01231527093596052,0.05829228243021345,-0.09523809523809512,0.030989542462368513,0.9826517428417156
2025-03-25,1.218,1.203,1.23,1.2,778418,94319225.0,2.46,-1.23,-0.015,5.72,0.03706896551724159,0.024097058619061938,1266163.75,0.20950000000000002,3.4165,9.304,1.2394,1.2235999999999998,0.0,0.1363258520365751,-0.07896924355777224,0.35897309382212095,0.9492276131389568
2025-03-26,1.203,1.203,1.21,1.193,629848,75706614.0,1.41,0.0,0.0,4.63,-0.01231527093596052,0.0212965030771259,1217891.2,-0.04049999999999998,3.2455,8.9495,1.2268000000000001,1.2267000000000001,0.06151288445552772,0.1180382377389857,-0.03906899418121379,0.6421649978441972,1.0431337032069776
2025-03-27,1.203,1.277,1.283,1.194,2734618,344002351.0,7.4,6.15,0.074,20.1,0.04244897959183658,0.025399618315276977,1257703.5,0.23850000000000007,3.406,9.2425,1.2254,1.2376,0.013312451057165386,0.040720438527799496,-0.05324980422866077,-0.19471989042055038,0.6231148035609027
2025-03-28,1.281,1.294,1.344,1.281,6358511,836069372.0,4.93,1.33,0.017,46.73,0.0994052676295667,0.02352090474265095,1512087.6,0.5010000000000001,3.375,11.112,1.239,1.2440000000000002,-0.003863987635239652,-0.07573415765069558,-0.014683153013910433,0.924783034244103,0.9503601024025543
2025-03-31,1.29,1.289,1.327,1.272,3642083,473344660.0,4.25,-0.39,-0.005,26.76,0.10548885077186965,0.023376319896650625,1627711.8,0.528,3.409,11.961500000000001,1.2532,1.2512,0.06051202482544604,-0.14507370054305646,-0.026377036462373993,1.1555546536696002,0.982292448506918
2025-04-01,1.309,1.367,1.39,1.304,3994266,544586069.0,6.67,6.05,0.078,29.35,0.17238421955403105,0.026379659167702327,1779536.55,0.8305,3.5879999999999996,13.077000000000002,1.286,1.2627,-0.01609363569861011,-0.18946598390636427,-0.11338697878566206,0.4279840134439723,0.5981375615001563
2025-04-02,1.369,1.345,1.372,1.334,2340826,317045359.0,2.78,-1.61,-0.022,17.2,0.1427357689039932,0.026934093719897974,1849708.3,0.7030000000000001,3.6155,13.592500000000001,1.3143999999999998,1.2706,-0.011895910780669205,-0.14052044609665437,-0.09888475836431232,0.6481800959742474,0.5537623149950099
2025-04-03,1.33,1.329,1.48,1.308,7072919,953618687.0,12.79,-1.19,-0.016,51.98,0.11493288590604034,0.027221076791624207,2135479.05,0.5800000000000001,4.1274999999999995,15.692499999999999,1.3248000000000002,1.2751000000000001,-0.10007524454477046,-0.09029345372460484,-0.08803611738148986,1.1942600602400284,0.5392428614370479
2025-04-07,1.218,1.196,1.218,1.196,293212,35231155.0,1.66,-10.01,-0.133,2.15,0.0016750418760469454,0.03609467889391964,2092383.05,0.07100000000000009,4.047,15.375499999999999,1.3052,1.2721,-0.07859531772575234,0.06605351170568552,0.028428093645485042,-0.03517743234099946,-0.1024718605730548
2025-04-08,1.196,1.102,1.196,1.076,2804740,308381033.0,10.03,-7.86,-0.094,20.61,-0.05892399658411607,0.04004497066565592,2188416.6,-0.22549999999999995,4.339,16.081,1.2678,1.2605,0.005444646098003547,0.13883847549909234,0.1805807622504536,-0.5208629188629823,-0.3823821587292341
2025-04-09,1.039,1.108,1.123,1.02,4881507,529362611.0,9.35,0.54,0.006,35.87,-0.056218057921635256,0.040068398559650324,2381074.3,-0.21149999999999997,4.661499999999999,17.496499999999997,1.216,1.251,0.0433212996389889,0.09386281588447631,0.18772563176895307,-0.11885946126994973,-0.38818171631125364
2025-04-10,1.168,1.156,1.197,1.146,3236044,379874688.0,4.6,4.33,0.048,23.78,-0.013651877133105783,0.041337202502882094,2505560.6,0.013500000000000068,4.785,18.4115,1.1782,1.2463,0.045847750865052106,0.04844290657439454,0.1608996539792389,-0.35081590144701935,-0.4392826469235491
2025-04-11,1.137,1.209,1.212,1.137,3991900,473421157.0,6.49,4.58,0.053,29.33,0.03510273972602751,0.04256365752293885,2637029.95,0.25950000000000006,4.9135,19.3775,1.1542,1.2395,0.05459057071960283,0.002481389578163684,0.10504549214226633,-0.5162897794770784,-0.4473986820809768
2025-04-14,1.248,1.275,1.281,1.242,4328760,550295701.0,3.23,5.46,0.066,31.81,0.03658536585365857,0.04265903661225317,2785009.3,0.26700000000000007,4.8395,20.465,1.17,1.2376,-0.015686274509803977,-0.03529411764705881,0.029019607843137285,-0.6615125317124775,-0.5411300468646024
2025-04-15,1.294,1.255,1.308,1.251,3076110,390864860.0,4.47,-1.57,-0.02,22.61,0.031224322103533098,0.042757913735776205,2882742.7,0.2415000000000001,4.941000000000001,21.183500000000002,1.2006000000000001,1.2342,-0.03426294820717124,0.03665338645418337,0.057370517928286846,0.09916511759069446,-0.5574821183634429
2025-04-16,1.255,1.212,1.255,1.194,2513243,305697278.0,4.86,-3.43,-0.043,18.47,-0.03194888178913746,0.04303629665115995,2924432.8,-0.07399999999999991,5.032,21.49,1.2214,1.2187000000000001,0.0,0.08580858085808596,0.09653465346534662,-0.41426855762232695,-0.6081884388749028
2025-04-17,1.203,1.212,1.233,1.2,2596609,316350900.0,2.72,0.0,0.0,19.08,-0.042654028436018954,0.04294597558691105,2986631.95,-0.12999999999999992,5.0920000000000005,21.947,1.2326000000000001,1.2054,0.0,0.10726072607260728,0.09570957095709587,-0.4341883314792526,-0.6079015666758478
2025-04-18,1.215,1.212,1.221,1.208,546669,66362041.0,1.07,0.0,0.0,4.02,-0.05607476635514019,0.042793225932691435,2935094.25,-0.2009999999999999,5.015,21.5685,1.2331999999999999,1.1937,0.014851485148514865,0.10231023102310233,0.0503300330033003,-0.30551755693993066,-0.4999021649123576
2025-04-21,1.212,1.23,1.235,1.209,761315,92975798.0,2.15,1.49,0.018,5.59,0.0032626427406199365,0.04169669679093639,2900067.55,0.09950000000000009,4.8575,21.311,1.2242000000000002,1.1971,0.05772357723577226,0.06666666666666665,0.03170731707317076,0.541170822391936,-0.3639161755978443
2025-04-22,1.236,1.301,1.31,1.236,6434063,826793598.0,6.02,5.77,0.071,47.28,0.06814449917898191,0.04352114146050869,3150783.05,0.4205000000000001,4.967,23.1535,1.2334,1.2169999999999999,0.011529592621060791,0.019984627209838512,-0.012298232129131503,-0.5458317330167094,-0.4353977515614553
2025-04-23,1.333,1.316,1.36,1.316,3824137,509850243.0,3.38,1.15,0.015,28.1,0.09393183707398167,0.04337077772836319,3303069.0,0.5395000000000001,5.013,24.2725,1.2542,1.2378,0.019756838905775176,0.009878419452887366,-0.06762917933130697,-0.39000341649865955,-0.30234931661239506
2025-04-24,1.327,1.342,1.37,1.326,5141628,693718374.0,3.34,1.98,0.026,37.78,0.11554447215295105,0.043465995978927224,3528658.0,0.6385000000000002,5.1095,25.93,1.2802,1.2564,-0.0044709388971684305,-0.010432190760059634,-0.07302533532041733,-0.5128609168715929,-0.2970567734566979
2025-04-25,1.372,1.336,1.386,1.334,3690788,500293543.0,3.87,-0.45,-0.006,27.12,0.04620203602192663,0.041523078024850495,3576466.5,0.3085000000000001,4.933,26.281,1.3050000000000002,1.2691000000000001,-0.017964071856287456,-0.047155688622754655,-0.06362275449101806,-0.0977005614356834,-0.24736615312085697
2025-04-28,1.304,1.312,1.327,1.278,4010030,524028180.0,3.67,-1.8,-0.024,29.47,0.01391035548686248,0.04170666684574142,3459042.45,0.15200000000000008,4.87,25.418,1.3214000000000001,1.2728,0.011432926829268109,-0.032774390243902496,-0.05030487804878048,-0.2943144923938019,-0.15993863909474315
2025-04-29,1.323,1.327,1.345,1.314,3380915,449620679.0,2.36,1.14,0.015,24.84,0.02948021722265315,0.041742721999902935,3445984.05,0.2285000000000001,4.7755,25.322,1.3266000000000002,1.2799999999999998,0.0015071590052750938,-0.03165033911077619,-0.03993971363978899,0.3604319478974436,-0.0832343263423182
2025-04-30,1.34,1.329,1.347,1.313,2964441,394244872.0,2.56,0.15,0.002,21.78,-0.027798098024871987,0.039433056919876065,3394492.8,-0.0664999999999999,4.57,24.943499999999997,1.3292,1.2917,-0.0007524454477049192,-0.07674943566591408,-0.02708803611738153,0.7909510519225549,0.14820651866676227
2025-05-06,1.35,1.328,1.362,1.322,2568002,342875485.0,3.01,-0.08,-0.001,18.87,-0.01263940520446094,0.0392657274186419,3405851.6,0.010000000000000106,4.5815,25.026999999999997,1.3264,1.3033,-0.04141566265060248,-0.06325301204819278,0.017319277108433617,1.6979547776392816,0.36591674301419164
2025-05-07,1.328,1.273,1.331,1.268,3098074,399896086.0,4.74,-4.14,-0.055,22.77,-0.04213694507148236,0.04028263356737377,3207109.35,-0.13749999999999987,4.179,23.5665,1.3138,1.3094,-0.00314218381775333,-0.01728201099764337,0.07541241162608014,0.17357910139060873,-0.10569916880423169
2025-05-08,1.273,1.269,1.286,1.262,2066312,262318089.0,1.89,-0.31,-0.004,15.18,0.06103678929765888,0.03294330206852613,3295764.35,0.34750000000000014,4.1905,24.217999999999996,1.3052,1.3133,0.012608353033884967,-0.01812450748620953,0.062253743104807135,0.20076480866828494,-0.06532437681032732
2025-05-09,1.279,1.285,1.293,1.275,2619103,336192819.0,1.42,1.26,0.016,19.25,0.16606170598911052,0.026704984203681736,3286482.5,0.8035,3.7600000000000002,24.15,1.2968,1.3117,-0.045136186770427855,-0.008560311284046662,0.05058365758754868,0.27973697146475685,0.34051815264265906
2025-05-12,1.263,1.227,1.263,1.223,3514935,434558623.0,3.11,-4.51,-0.058,25.83,0.10740072202166062,0.029239143477462263,3218153.9,0.5510000000000002,3.4480000000000004,23.648000000000003,1.2764,1.3028,0.013854930725346382,0.05378973105134466,0.07171964140179288,-0.6120304825888876,-0.0936049151060282
2025-05-13,1.251,1.244,1.262,1.236,2297445,286205860.0,2.12,1.39,0.017,16.88,0.0761245674740485,0.027947848024393047,3171223.95,0.4040000000000002,3.3239999999999994,23.303,1.2596,1.293,0.00562700964630225,0.08601286173633449,0.087620578778135,-0.3546087413845539,-0.010579219925979988
2025-05-14,1.244,1.251,1.259,1.238,1920588,239585494.0,1.69,0.56,0.007,14.11,0.03473945409429269,0.026172101088370325,3067658.35,0.20300000000000015,3.084,22.541999999999998,1.2551999999999999,1.2845,-0.003996802557953538,0.09432454036770599,0.07513988808952843,-0.27312547187061165,-0.005482235430175009
2025-05-15,1.244,1.246,1.262,1.241,1612157,201758403.0,1.68,-0.4,-0.005,11.85,-0.02274509803921565,0.0230753758640367,2931828.2,-0.08999999999999986,3.0065,21.544,1.2506,1.2779,0.022471910112359605,0.08186195826645282,0.12680577849117158,-0.11433470355076258,0.12399179830370044
2025-05-16,1.25,1.274,1.289,1.246,2625893,333048456.0,3.45,2.25,0.028,19.3,0.015139442231075773,0.023363884398669252,2909317.35,0.10100000000000016,2.9555,21.3785,1.2483999999999997,1.2726,0.014913657770800448,0.05965463108320246,0.10439560439560447,-0.16168845767306894,0.05933568224751107
2025-05-19,1.275,1.293,1.297,1.275,2463038,317303250.0,1.73,1.49,0.019,18.1,0.06683168316831689,0.02200437017119537,2906807.1,0.34700000000000014,2.799,21.360000000000003,1.2616,1.269,0.04485692188708423,0.017014694508894035,0.0989945862335655,1.7260882692649213,0.022851430016719076
2025-05-20,1.323,1.351,1.357,1.322,3576268,481038157.0,2.71,4.49,0.058,26.28,0.11468646864686471,0.023841457561387926,2955790.05,0.5715000000000001,2.7984999999999998,21.72,1.283,1.2712999999999999,0.013323464100666094,0.001480384900073961,0.09696521095484822,0.1797447280945501,-0.1532061990839294
2025-05-21,1.347,1.369,1.384,1.342,2783760,381555007.0,3.11,1.33,0.018,20.46,0.12953795379537958,0.023859564086230776,3067644.6,0.6380000000000001,2.9005,22.541999999999998,1.3066,1.2809000000000001,-0.015339663988312546,-0.01753104455807164,0.06866325785244709,0.17130373885849282,0.05484615812668636
2025-05-22,1.36,1.348,1.369,1.347,2083009,282337108.0,1.61,-1.53,-0.021,15.31,0.09593495934959351,0.024247232996814177,3133729.3,0.4870000000000002,2.8735,23.028,1.327,1.2888,0.0014836795252226587,0.041543026706231334,0.10459940652818989,0.2910756235204053,-0.03350445564571847
2025-05-23,1.37,1.35,1.386,1.345,2718574,372425997.0,3.04,0.15,0.002,19.98,0.03766333589546522,0.02081294229104756,2947954.85,0.20600000000000024,2.7245,21.663,1.3422,1.2953,-0.02592592592592602,0.04222222222222216,0.15037037037037027,0.26160164713484146,0.04825441669528341
2025-05-26,1.36,1.315,1.363,1.313,1414030,188332772.0,3.7,-2.59,-0.035,10.39,-0.0007598784194530195,0.021586536863268363,2827449.5,0.01900000000000024,2.7405,20.7775,1.3466,1.3041,0.02889733840304176,0.08060836501901147,0.2228136882129279,-0.26190030139444287,0.07487728185206377
2025-05-27,1.31,1.353,1.362,1.31,2414106,324665015.0,3.95,2.89,0.038,17.74,0.008196721311475308,0.022113062809129135,2691073.4,0.06450000000000025,2.771,19.7755,1.347,1.315,-0.00591278640059123,0.09534368070953447,0.1840354767184036,0.06452269629469543,0.06810098114671059
2025-05-28,1.357,1.345,1.361,1.337,1540020,207134561.0,1.77,-0.59,-0.008,11.32,0.006736526946107713,0.02213294945733394,2583535.0,0.05750000000000024,2.666,18.9855,1.3421999999999998,1.3244,0.04386617100371737,0.08773234200743496,0.25427509293680295,0.21733327691476734,0.08832560930313726
2025-05-29,1.348,1.404,1.405,1.343,3489953,480178345.0,4.61,4.39,0.059,25.65,0.07012195121951215,0.02367258134485195,2557531.15,0.3670000000000002,2.713,18.794500000000003,1.3534,1.3401999999999998,0.002136752136752129,0.06054131054131062,0.16666666666666674,-0.25893074476403877,0.1429185700474498
2025-05-30,1.422,1.407,1.427,1.402,3036047,429174848.0,1.78,0.21,0.003,22.31,0.06028636021100242,0.023603113440942562,2540287.75,0.32050000000000023,2.684,18.668,1.3648,1.3535,0.00995024875621886,0.10376687988628275,0.15280739161336188,-0.15056577425928275,0.18612410877317065
2025-06-03,1.4,1.421,1.427,1.397,3087406,435292884.0,2.13,1.0,0.014,22.69,0.06922498118886389,0.02364677670056423,2546436.0,0.3630000000000002,2.6625000000000005,18.713500000000003,1.386,1.3663,0.04292751583391974,0.1315974665728361,0.08374384236453203,0.16342561844002113,0.47625679458112247
2025-06-04,1.435,1.482,1.497,1.434,5136170,758989416.0,4.43,4.29,0.061,37.74,0.11596385542168663,0.0251886909252234,2674844.4,0.5815000000000002,2.7335000000000003,19.657,1.4118,1.3794,-0.012820512820512775,0.08097165991902844,0.04116059379217263,0.03412090022413827,0.4048226239028143
2025-06-05,1.497,1.463,1.513,1.442,4081578,603749029.0,4.79,-1.28,-0.019,29.99,0.1492537313432838,0.023091709669056014,2724019.6,0.7245000000000001,2.736,20.018,1.4354,1.3888000000000003,0.017771701982228327,0.15311004784688986,0.021872863978127155,-0.1121883815722492,0.41225893164625216
2025-06-06,1.467,1.489,1.49,1.446,3440260,504177939.0,3.01,1.78,0.026,25.28,0.1733648542159183,0.023070712823515624,2792717.0,0.8290000000000003,2.7920000000000003,20.523000000000003,1.4524000000000001,1.4029,0.04298186702484874,0.1000671591672262,0.006044325050369226,0.6814123905206351,0.46399255022233077
2025-06-09,1.499,1.553,1.568,1.478,4318219,664085170.0,6.04,4.3,0.064,31.73,0.20856031128404662,0.02433579092469716,2877672.8,0.9810000000000002,3.023,21.147000000000002,1.4816,1.4232,0.035415325177076795,0.04443013522215078,-0.0006439150032194751,0.43412324645030953,0.31807517505837635
2025-06-10,1.558,1.608,1.63,1.555,7983596,1275840924.0,4.83,3.54,0.055,58.67,0.3105134474327629,0.021233873271059973,3101105.85,1.3835000000000002,3.1090000000000004,22.788999999999998,1.5190000000000001,1.4525,-0.003731343283582045,-0.04228855721393043,-0.013681592039801016,0.6387239203166848,0.48534592851790226
2025-06-11,1.62,1.602,1.633,1.585,4524536,727078618.0,2.99,-0.37,-0.006,33.25,0.28778135048231523,0.02159361541304076,3212460.4,1.2955,3.1525,23.607499999999998,1.543,1.4773999999999998,0.05305867665418229,-0.03682896379525602,-0.006242197253433224,0.6157571475990675,0.4168245216260822
2025-06-12,1.597,1.687,1.692,1.597,7785895,1293198913.0,5.93,5.31,0.085,57.22,0.3485211830535573,0.023285959957968932,3505725.75,1.5330000000000001,3.3645000000000005,25.762999999999998,1.5878,1.5116,-0.02904564315352709,-0.11381149970361581,-0.08120924718435096,-0.09280618280295938,0.1317305631772554
2025-06-13,1.683,1.638,1.726,1.626,8467561,1407892908.0,5.93,-2.9,-0.049,62.22,0.3146067415730336,0.024990631971645794,3848495.95,1.4080000000000001,3.5770000000000004,28.2815,1.6176000000000001,1.5350000000000001,-0.009768009768009622,-0.08547008547008539,-0.06593406593406581,-0.34098976775575496,-0.0636693998010679
2025-06-16,1.637,1.622,1.676,1.612,4975659,814936193.0,3.91,-0.98,-0.016,36.56,0.2731554160125589,0.025455224958221313,3965984.25,1.2465000000000002,3.6,29.144500000000004,1.6314,1.5565000000000002,-0.05055487053020968,-0.04315659679408146,-0.0413070283600494,-0.01278391897611919,-0.06034217861666269
2025-06-17,1.645,1.54,1.66,1.533,6300495,1001855397.0,7.83,-5.06,-0.082,46.3,0.19102861562258333,0.029074221663481687,4157857.1,0.9190000000000002,3.905,30.5545,1.6178000000000001,1.5684,0.001948051948051921,0.029870129870129825,0.03571428571428559,-0.3463240597310283,-0.3661936603058886
2025-06-18,1.54,1.543,1.557,1.52,4412141,679010079.0,2.4,0.19,0.003,32.42,0.1421169504071058,0.027860717361730555,4199650.75,0.7040000000000002,3.8895000000000004,30.861499999999996,1.6060000000000003,1.5745,-0.03110823071937774,0.03175631885936503,0.009073233959818516,-0.35195505917756886,-0.2743125194134889
2025-06-19,1.551,1.495,1.57,1.482,5356652,813895496.0,5.7,-3.11,-0.048,39.36,0.09203798392987594,0.029077623593034518,4328295.35,0.4820000000000002,4.019,31.8065,1.5676,1.5776999999999999,0.0020066889632106566,0.03678929765886285,0.08896321070234103,0.15621010508581445,-0.28390638132088253
2025-06-20,1.506,1.498,1.51,1.482,3596273,537922764.0,1.87,0.2,0.003,26.43,0.1112759643916914,0.02870119000502274,4403958.55,0.5685000000000001,4.032,32.3625,1.5396,1.5786000000000002,0.03604806408544725,0.021361815754339153,0.09546061415220297,0.10407120043659401,-0.2785751244203678
2025-06-23,1.49,1.552,1.554,1.478,6054935,919619937.0,5.07,3.6,0.054,44.5,0.14962962962962956,0.02946573726257918,4570776.6,0.7410000000000002,4.1335,33.588499999999996,1.5256,1.5785,0.021907216494845283,0.0019329896907216426,0.043170103092783574,-0.39849756440825057,-0.2893632112120179
2025-06-24,1.562,1.586,1.596,1.539,6044832,950892534.0,3.67,2.19,0.034,44.42,0.2060836501901142,0.028544637679744654,4802316.7,0.9800000000000001,4.132,35.29,1.5348000000000002,1.5763,0.003783102143757988,0.005674653215636649,0.013871374527112179,-0.16304634952478592,-0.27892257702845147
2025-06-25,1.602,1.592,1.622,1.58,4791681,764314594.0,2.65,0.38,0.006,35.21,0.17664449371766455,0.028210696186922977,4921195.45,0.8545000000000001,4.067,36.1635,1.5446000000000002,1.5753,-0.02638190954773867,-0.02198492462311563,0.020728643216080256,-0.05690277684187384,-0.27386350703750195
2025-06-26,1.579,1.55,1.58,1.542,3731999,580635472.0,2.39,-2.64,-0.042,27.42,0.15241635687732358,0.029119404341057614,5030794.4,0.7520000000000001,4.098000000000001,36.9685,1.5556,1.5615999999999999,-0.012903225806451646,0.05032258064516126,0.05032258064516126,0.2064491345978814,-0.2147494396413271
2025-06-27,1.555,1.53,1.564,1.525,3688436,568727067.0,2.52,-1.29,-0.02,27.1,0.08974358974358987,0.028140370312971542,5040718.55,0.46800000000000014,3.9935,37.041000000000004,1.562,1.5508,0.016339869281045694,0.0725490196078431,0.07450980392156858,0.010188880911904397,-0.22371360855159972
2025-06-30,1.538,1.555,1.555,1.516,3635388,559187080.0,2.55,1.63,0.025,26.71,0.10518834399431398,0.02825177769255045,5070685.6,0.5390000000000001,4.032,37.261,1.5626000000000002,1.5441,0.025723472668810254,0.04115755627009654,0.08102893890675245,0.4040749367446692,-0.23631261341032173
2025-07-01,1.555,1.595,1.596,1.55,2701936,424934898.0,2.96,2.57,0.04,19.86,0.12244897959183665,0.028603709412144688,5051412.1,0.6175000000000003,4.0735,37.1195,1.5644,1.5496,-0.023824451410658365,0.008150470219435713,0.08463949843260199,0.27441584562958954,-0.07189003095493485
2025-07-02,1.594,1.557,1.61,1.555,3746404,591359723.0,3.45,-2.38,-0.038,27.53,0.05060728744939258,0.027977766489711554,4981923.8,0.28400000000000014,4.0245,36.609,1.5574000000000001,1.551,0.04560051380860619,0.04367373153500331,0.13230571612074504,-0.03950163901546555,-0.27260155161957234
2025-07-03,1.569,1.628,1.629,1.563,9615471,1547330838.0,4.24,4.56,0.071,70.66,0.11278195488721798,0.02927604032101318,5258618.45,0.5760000000000002,3.9970000000000008,38.6425,1.573,1.5643,0.007985257985257954,0.0,0.144963144963145,-0.6456057930208019,-0.18798121073653462
2025-07-04,1.622,1.641,1.661,1.61,7560348,1236074786.0,3.13,0.8,0.013,55.56,0.10208193418401601,0.029146266081166262,5464622.85,0.5270000000000001,4.003,40.15650000000001,1.5951999999999997,1.5786,-0.013406459475929333,0.001828153564899404,0.13893967093235826,-0.5907153876294943,-0.1744713608332994
2025-07-07,1.652,1.619,1.66,1.615,3976471,649156656.0,2.74,-1.34,-0.022,29.22,0.04249839021249202,0.028011922504039735,5447535.45,0.24500000000000016,3.8379999999999996,40.031,1.6079999999999999,1.5853,-0.006794317479925871,0.03829524397776418,0.14700432365657812,-0.6140853528180314,-0.17869250745048726
2025-07-08,1.616,1.608,1.638,1.6,4453614,718212575.0,2.35,-0.68,-0.011,32.73,0.0,0.026968538221151934,5271036.35,0.03400000000000015,3.714,38.733999999999995,1.6106000000000003,1.5875,0.010572139303482553,0.07587064676616917,0.16293532338308458,-0.5962739642717829,-0.20855089103714863
2025-07-09,1.607,1.625,1.646,1.59,6625477,1076639379.0,3.48,1.06,0.017,48.69,0.014357053682896304,0.02704432272703315,5376083.4,0.10550000000000015,3.7384999999999997,39.506,1.6241999999999996,1.5908000000000002,0.0018461538461538307,0.08492307692307688,0.14892307692307694,-0.5303519354191417,-0.18189176599962742
2025-07-10,1.633,1.628,1.655,1.617,3797275,620245252.0,2.34,0.18,0.003,27.9,-0.03497332542975706,0.02412910445569717,5176652.4,-0.15099999999999983,3.5589999999999997,38.040000000000006,1.6242,1.5986,0.00982800982800991,0.144963144963145,0.1615479115479117,0.7908022343118721,-0.11510084602181614
2025-07-11,1.63,1.644,1.652,1.626,5504523,903474171.0,1.6,0.98,0.016,40.45,0.00366300366300365,0.023346550082967238,5028500.5,0.04300000000000016,3.3425000000000002,36.951499999999996,1.6248,1.6099999999999999,0.02250608272506094,0.13686131386861322,0.14476885644768855,0.9094516500861427,-0.019967473653600964
2025-07-14,1.645,1.681,1.683,1.628,4974147,821143565.0,3.35,2.25,0.037,36.55,0.03637484586929718,0.0237161308704637,5028424.9,0.20450000000000018,3.3145,36.951,1.6372,1.6225999999999998,0.029149315883402638,0.10469958358120168,0.1612135633551457,1.2783293314509203,0.022375342345331894
2025-07-15,1.685,1.73,1.742,1.678,6485706,1109157522.0,3.81,2.91,0.049,47.66,0.12337662337662336,0.020944964696003394,5037685.45,0.6030000000000001,3.1135,37.019,1.6616,1.6361,0.01907514450867054,0.08092485549132955,0.17514450867052012,1.2811196348396732,0.06546180041705552
2025-07-16,1.749,1.763,1.769,1.736,5224039,916489871.0,1.91,1.91,0.033,38.39,0.14257939079714843,0.021118213711516218,5078280.35,0.6890000000000002,3.089,37.3175,1.6892,1.6567,0.05728871242200806,0.05899035734543401,0.12195121951219523,1.4117733039532765,0.48939550722426284
2025-07-17,1.767,1.864,1.873,1.767,11019874,2024160539.0,6.01,5.73,0.101,80.98,0.2468227424749163,0.021978118613337542,5361441.45,1.1310000000000002,3.1045,39.3985,1.7364000000000002,1.6803000000000001,0.0026824034334762548,0.014484978540772575,0.06813304721030033,-0.5854405644771395,0.014998185212274251
2025-07-18,1.876,1.869,1.879,1.846,6403182,1193710899.0,1.77,0.27,0.005,47.05,0.24766355140186924,0.021963566914784162,5501786.9,1.1345000000000003,3.0995,40.4295,1.7814,1.7030999999999998,-0.006420545746388395,0.006955591225254132,0.05189941144997334,-0.5877286348114212,0.04720407922209868
2025-07-21,1.869,1.857,1.88,1.831,4885723,905521967.0,2.62,-0.64,-0.012,35.9,0.196520618556701,0.021498215984708077,5443326.3,0.9225000000000001,2.977,39.9995,1.8166,1.7268999999999999,0.007000538502961895,0.05115778136779747,0.056542810985460434,-0.330222486865664,0.08567816648302551
2025-07-22,1.854,1.87,1.928,1.852,10322612,1961425854.0,4.09,0.7,0.013,75.86,0.17906683480453967,0.02129291441504245,5657215.3,0.8480000000000001,2.998,41.5715,1.8446000000000002,1.7530999999999999,-0.0016042780748664054,0.08716577540106951,0.08181818181818179,-0.1367267278545572,0.23968073157037972
2025-07-23,1.878,1.867,1.908,1.859,7243978,1364079723.0,2.62,-0.16,-0.003,53.23,0.17273869346733672,0.02138935216636017,5779830.15,0.8210000000000003,2.9965,42.4725,1.8654,1.7772999999999999,0.012854847348687803,0.059453668987680786,0.09105516871987152,0.11013960602848671,0.17712822175561027
2025-07-24,1.875,1.891,1.898,1.861,6460340,1214681756.0,1.98,1.29,0.024,47.47,0.21999999999999997,0.019788801511584124,5916247.2,1.0175000000000003,2.976,43.475,1.8708000000000002,1.8035999999999999,-0.004759386567953494,0.052882072977260774,0.04494976203067158,2.864226728256023,0.3754418165465774
2025-07-25,1.896,1.882,1.93,1.881,5921049,1128021435.0,2.59,-0.48,-0.009,43.51,0.23006535947712403,0.01936824937724732,6027877.85,1.0580000000000003,2.9795,44.2955,1.8734000000000002,1.8274000000000001,0.037194473963868324,0.04463336875664181,0.032412327311371,2.6574933660784,0.34216374327693466
2025-07-28,1.898,1.952,1.953,1.89,5495801,1050909727.0,3.35,3.72,0.07,40.39,0.25530546623794215,0.020236459119141265,6120898.5,1.1625,3.0195,44.979499999999994,1.8923999999999999,1.8545000000000003,0.041495901639344135,0.0051229508196721785,-0.006147540983606592,0.5459125627879593,0.12348414840462829
2025-07-29,1.959,2.033,2.034,1.95,8246329,1651377500.0,4.3,4.15,0.081,60.6,0.27460815047021936,0.02110355467108908,6398118.15,1.2415000000000003,3.0865,47.0165,1.925,1.8847999999999998,-0.02705361534677808,-0.00491883915395952,-0.04820462370880463,0.014993354680078452,-0.17991330619039325
2025-07-30,2.034,1.978,2.093,1.965,10319113,2101331158.0,6.3,-2.71,-0.055,75.83,0.2703917790622994,0.021405585953144957,6726753.6,1.225,3.229,49.4315,1.9472,1.9063000000000003,0.0065722952477249574,0.02982810920121337,0.013144590495449915,-0.43969916559509226,-0.2195684229003365
2025-07-31,1.992,1.991,2.05,1.974,9485419,1910492126.0,3.84,0.66,0.013,69.7,0.22297297297297303,0.01993378797006795,6720251.0,1.0300000000000002,3.2090000000000005,49.3835,1.9672,1.919,-0.01255650426921151,-0.007533902561526973,0.009040683073832101,-0.2128059401996315,-0.010756730642066059
2025-08-01,1.991,1.966,2.042,1.953,8014139,1599188465.0,4.47,-1.26,-0.025,58.89,0.1980499695307738,0.020578158765499163,6742940.55,0.9270000000000002,3.276,49.55,1.984,1.9286999999999999,-0.0020345879959308144,-0.01169888097660221,0.045269582909460926,-0.2256168969576139,-0.03135231603046984
2025-08-04,1.955,1.962,1.964,1.893,5493268,1057477942.0,3.61,-0.2,-0.004,40.37,0.21185917232859786,0.020069323314668916,6818780.4,0.9840000000000002,3.3195,50.1075,1.986,1.9392000000000003,0.031090723751274307,-0.011213047910295648,0.08103975535168195,-0.09479567857342097,0.05302391658628891
2025-08-05,1.97,2.023,2.024,1.97,6367844,1270990445.0,2.75,3.11,0.061,46.79,0.2580845771144278,0.02020388689560595,6914491.9,1.1735000000000002,3.3395,50.810500000000005,1.984,1.9545000000000001,0.006920415224913379,-0.043499752842313444,0.019772614928324383,-0.3319680689272001,0.024546593853181253
2025-08-06,2.049,2.037,2.057,2.02,5525510,1125300529.0,1.83,0.69,0.014,40.6,0.2535384615384615,0.020231444072535167,6859493.55,1.1550000000000002,3.257,50.406,1.9957999999999998,1.9715,-0.02994599901816397,-0.016200294550809957,-0.00540009818360343,0.5227387598955922,0.07041475554803855
2025-08-07,2.042,1.976,2.048,1.96,6297456,1256569673.0,4.32,-2.99,-0.061,46.28,0.21375921375921392,0.02218863323321854,6984502.6,0.9965000000000002,3.3560000000000003,51.325,1.9927999999999997,1.98,-0.0167004048582996,0.01670040485829949,0.03441295546558698,-0.1460271902824536,-0.15185075729129383
2025-08-08,1.952,1.943,1.975,1.928,5298099,1031560418.0,2.38,-1.67,-0.033,38.93,0.18187347931873488,0.022976152483808746,6974181.4,0.8640000000000002,3.3949999999999996,51.249,1.9882000000000002,1.9861,-0.0015440041173443442,0.05764282038085433,0.07102418939783828,-0.26821687298979935,-0.20950731562394032
2025-08-11,1.958,1.94,1.965,1.891,6087841,1173693431.0,3.81,-0.15,-0.003,44.74,0.1540749553837002,0.022841083124870584,7029866.1,0.7440000000000002,3.418,51.658500000000004,1.9838,1.9848999999999997,-0.002577319587628857,0.09329896907216506,0.06958762886597958,-0.25703298066994396,-0.10987532788557752
2025-08-12,1.952,1.935,1.973,1.923,4706310,913208763.0,2.58,-0.26,-0.005,34.58,0.11849710982658967,0.022350096933100482,6940896.3,0.5855000000000002,3.3564999999999996,51.0045,1.9662,1.9751,0.0356589147286821,0.06614987080103374,0.06098191214470283,0.7891831799175044,0.18076865206931103
2025-08-13,1.94,2.004,2.005,1.936,6061536,1195466195.0,3.57,3.57,0.069,44.54,0.13669880884855368,0.023159584629487546,6982771.15,0.6685000000000002,3.4395,51.312,1.9596,1.9777,0.0024950099800398196,0.010978043912175606,-0.01447105788423153,0.03884769311103087,0.12050046415652949
2025-08-14,2.02,2.009,2.03,1.996,5682051,1146487569.0,1.7,0.25,0.005,41.76,0.07778969957081538,0.019863893039195932,6715880.0,0.3945000000000002,3.224,49.351,1.9662,1.9794999999999998,0.022896963663514347,0.017421602787456525,-0.03384768541562955,0.3228658621479923,0.14919261964486452
2025-08-15,2.015,2.055,2.07,2.011,5881718,1200185239.0,2.94,2.29,0.046,43.22,0.09951845906902101,0.020305984466606353,6689806.8,0.49550000000000016,3.2824999999999998,49.1595,1.9886000000000004,1.9884,0.03211678832116771,0.012652068126520533,-0.028223844282238453,0.4572068410183594,0.1635260776723868
2025-08-18,2.075,2.121,2.122,2.074,5670440,1186478638.0,2.34,3.21,0.066,41.67,0.14216478190630055,0.0209873140792934,6729042.65,0.6880000000000002,3.2685000000000004,49.44799999999999,2.0248,2.0042999999999997,-0.027345591702027217,-0.021687883074021586,-0.027345591702027217,0.07857687951070758,0.08865439924158824
2025-08-19,2.116,2.063,2.136,2.057,6178333,1293215062.0,3.72,-2.73,-0.058,45.4,0.10320855614973268,0.022338309484800794,6521828.7,0.5165000000000002,3.25,47.925,2.0504000000000002,2.0082999999999998,-0.017935046049442738,-0.004847309743092665,-0.002423654871546499,-0.4420759729464494,-0.026178208924687363
2025-08-20,2.062,2.026,2.079,2.001,5549909,1128422991.0,3.78,-1.79,-0.037,40.78,0.08516336368505617,0.022890185125064785,6437125.25,0.43500000000000016,3.308,47.3025,2.0548,2.0072,0.008884501480750373,-0.025172754195458946,0.03208292201382057,-0.15652930831735357,-0.07626312223478027
2025-08-21,2.03,2.044,2.059,2.02,4605076,938897694.0,1.92,0.89,0.018,33.84,0.08090957165520885,0.022829609157953668,6344362.05,0.41500000000000015,3.3049999999999997,46.621,2.0618000000000003,2.0140000000000002,0.018101761252446114,-0.050391389432485334,-0.016144814090019555,-0.2023651251798777,0.18576561468361552
2025-08-22,2.069,2.081,2.082,2.052,4692181,969952123.0,1.47,1.81,0.037,34.48,0.10573857598299696,0.02293246610241539,6282918.65,0.5295000000000002,3.249,46.1695,2.067,2.0278,-0.0028832292167225715,-0.04036520903411811,0.016338298894762238,-0.019190900741103523,0.46061444839203847
2025-08-25,2.101,2.075,2.112,2.064,4932807,1026746525.0,2.31,-0.29,-0.006,36.25,0.06301229508196737,0.021716347624950637,6254768.95,0.3290000000000002,3.197,45.9625,2.0578000000000003,2.0413000000000006,-0.0106024096385543,-0.005783132530120527,0.009638554216867545,0.6449664739323187,0.4651279622569462
2025-08-26,2.078,2.053,2.098,2.049,3930315,814627016.0,2.36,-1.06,-0.022,28.88,0.009837678307919262,0.019943666198000053,6038968.25,0.06850000000000014,3.1,44.3765,2.0558,2.0530999999999997,-0.03799318071115432,0.002435460301996928,0.020944958597175045,1.0830257549130233,0.41308364759102734
2025-08-27,2.085,1.975,2.09,1.968,4856148,981632921.0,5.94,-3.8,-0.078,35.69,-0.0015166835187057082,0.02087264536532429,5765820.0,0.014000000000000146,3.082,42.3695,2.0456,2.0502000000000002,-0.017215189873417747,0.05873417721518992,0.046582278481012596,-0.012647933328121419,0.20528347851045803
2025-08-28,1.969,1.941,1.987,1.888,5563460,1076390545.0,5.01,-1.72,-0.034,40.88,-0.02511300853842291,0.0211620126559854,5569722.05,-0.10499999999999984,3.1405000000000003,40.9285,2.025,2.0434,0.02885110767645549,0.03606388459556942,0.051004636785162205,0.41868065696610035,0.1645032485802007
2025-08-29,1.936,1.997,2.011,1.922,6075448,1200438697.0,4.59,2.89,0.056,44.65,0.01576805696846395,0.02198735181146911,5472787.5,0.10250000000000012,3.1465,40.2165,2.0082,2.0376,0.03304957436154243,0.059088632949424236,0.02553830746119168,0.4171561385326519,0.07043509173887874
2025-09-01,2.003,2.063,2.064,1.97,6267159,1271881446.0,4.71,3.3,0.066,46.05,0.051478083588175405,0.023102758355514893,5511482.05,0.27750000000000014,3.2015000000000002,40.5005,2.0058,2.0318,-0.002423654871546499,0.01551139117789635,-0.009694619486185219,0.08328531477914614,-0.032202642378826085
2025-09-02,2.063,2.058,2.108,2.032,6917861,1435687901.0,3.68,-0.24,-0.005,50.84,0.017301038062283558,0.022135354715530787,5538982.9,0.11000000000000014,3.248,40.702999999999996,2.0068,2.0313000000000003,0.016034985422740622,0.01846452866861048,-0.020894071914479895,0.09554495208810576,0.054103548588707806
2025-09-03,2.083,2.091,2.116,2.063,5930043,1241160724.0,2.58,1.6,0.033,43.58,0.026509572901325607,0.02235444322703859,5559209.55,0.15550000000000014,3.2855,40.852,2.0300000000000002,2.0378,-0.038259206121473044,-0.011477761836441891,-0.04686752749880441,0.5619263228878395,0.04177018155038348
2025-09-04,2.101,2.011,2.107,1.995,5525081,1121190014.0,5.36,-3.83,-0.08,40.6,0.01771255060728749,0.02303767788377958,5520590.8,0.11350000000000016,3.3375,40.568,2.044,2.0345000000000004,0.05171556439582292,0.014420686225758317,-0.002983590253605284,-0.045157720940720125,-0.2256746844231321
2025-09-05,2.008,2.115,2.116,2.008,6901583,1426004047.0,5.37,5.17,0.104,50.72,0.08852290272774077,0.02522616148317258,5600765.0,0.4555000000000001,3.4869999999999997,41.1575,2.0676,2.0379,-0.009456264775413725,-0.03167848699763598,-0.06808510638297882,-0.7652722930404315,-0.725333338396895
2025-09-08,2.115,2.095,2.142,2.068,6765565,1420721609.0,3.5,-0.95,-0.02,49.72,0.079896907216495,0.025388304864623866,5634651.2,0.4155000000000002,3.4715000000000003,41.4065,2.0740000000000003,2.0399000000000003,0.0004773269689737347,-0.02482100238663487,-0.04248210023866372,-0.7580667551156065,-0.627087992924225
2025-09-09,2.091,2.096,2.131,2.06,5037935,1058404860.0,3.39,0.05,0.001,37.02,0.08320413436692498,0.025354834234520552,5651232.45,0.43100000000000016,3.5119999999999996,41.528499999999994,2.0816000000000003,2.0442,-0.013835877862595325,-0.03864503816793896,-0.05963740458015265,-0.7545638658624999,-0.6045201521989193
2025-09-10,2.104,2.067,2.118,2.064,3822436,796458533.0,2.58,-1.38,-0.029,28.09,0.0314371257485031,0.024536076202281338,5539277.45,0.18350000000000016,3.4625,40.706,2.0768,2.0534,-0.013062409288824406,-0.03580067731011127,-0.052733430091920774,-0.7680428383130795,-0.5755378466945125
2025-09-11,1.931,2.04,2.041,1.903,7804125,1547534461.0,6.68,-1.31,-0.027,57.35,0.015430562468889963,0.024759598504863572,5645381.15,0.10550000000000018,3.7114999999999996,41.4855,2.0826000000000002,2.0633000000000004,0.0039215686274509665,-0.01715686274509809,-0.03627450980392155,-0.6845976400736333,-0.5700983743447765
2025-09-12,2.06,2.048,2.073,2.034,5977976,1228052885.0,1.91,0.39,0.008,43.93,-0.003406326034063323,0.024236651819949426,5650194.05,0.01050000000000017,3.66,41.521,2.0692,2.0684,-0.00244140625,-0.03759765625,-0.05615234375,0.15061478825334684,-0.5346211849493834
2025-09-15,2.049,2.043,2.072,2.026,4768395,978244643.0,2.25,-0.24,-0.005,35.04,-0.03677510608203671,0.023036639909193527,5605091.8,-0.16199999999999984,3.6555,41.1895,2.0588,2.0664000000000002,-0.013705335291238407,-0.018110621634850887,-0.0469897209985316,0.8454375372545195,-0.45972094524665663
2025-09-16,2.053,2.015,2.057,2.005,3345119,676669604.0,2.55,-1.37,-0.028,24.58,-0.023267086766844414,0.022428856543449706,5463431.1,-0.09399999999999983,3.597,40.1485,2.0426,2.0621,-0.010918114143920632,-0.021836228287841264,-0.011910669975186083,0.9127674864345667,-0.3759239098868268
2025-09-17,2.02,1.993,2.025,1.968,4008051,795943570.0,2.83,-1.09,-0.022,29.45,-0.016288252714708684,0.022202739933633562,5386338.2,-0.05899999999999983,3.5494999999999997,39.582,2.0278,2.0523000000000002,0.006021073758153417,-0.017561465127947873,-0.014550928248871164,0.9791990005991078,-0.34614556607258984
2025-09-18,2.001,2.005,2.04,1.982,6464412,1301551030.0,2.91,0.6,0.012,47.5,-0.019080234833659615,0.022147606730018185,5479305.0,-0.07349999999999983,3.5989999999999993,40.265,2.0208,2.0517,-0.01695760598503726,-0.01945137157107224,-0.04488778054862841,0.7093581774144726,-0.1674100955642268
2025-09-19,2.024,1.971,2.034,1.963,4119075,820844918.0,3.54,-1.7,-0.034,30.27,-0.052859202306583364,0.021965251808388785,5450649.7,-0.24899999999999983,3.7024999999999997,40.054500000000004,2.0054000000000003,2.0373,0.017757483510908,-0.019279553526128868,-0.050735667174023336,0.5988666730786814,1.0580592611651958
2025-09-22,1.985,2.006,2.022,1.976,3919002,781407420.0,2.33,1.78,0.035,28.8,-0.033253012048192976,0.02242559077471115,5399959.45,-0.14549999999999982,3.7035000000000005,39.682,1.998,2.0284,-0.017447657028913155,-0.02941176470588225,-0.11016949152542366,-0.22900221535605636,0.7086349259755089
2025-09-23,2.006,1.971,2.006,1.945,3788886,745913606.0,3.04,-1.74,-0.035,27.84,-0.03994154895275204,0.022623953466190585,5392888.0,-0.17949999999999983,3.7375,39.63,1.9891999999999999,2.0159000000000002,-0.006595636732623089,0.010147133434804667,-0.07356671740233389,-0.04593884529386305,0.85008642965829
2025-09-24,1.963,1.958,1.979,1.951,3279355,642878956.0,1.42,-0.66,-0.013,24.1,-0.008607594936708929,0.021011813146349617,5314048.35,-0.022499999999999847,3.5114999999999994,39.0505,1.9822,2.005,0.004085801838610736,0.003064351378958108,-0.04954034729315626,0.06026983929966234,1.0349049800254857
2025-09-25,1.965,1.966,1.985,1.957,3322855,654001466.0,1.43,0.41,0.008,24.42,0.01287995878413195,0.020641855019077258,5202018.1,0.08400000000000016,3.3325000000000005,38.2275,1.9744,1.9975999999999998,-0.016785350966429302,-0.025940996948118022,-0.0768056968463886,0.3045759702354802,1.0822911515082483
2025-09-26,1.938,1.933,1.947,1.911,3496920,674794303.0,1.83,-1.68,-0.033,25.7,-0.032048072108162295,0.01989126437699694,5073091.7,-0.14449999999999988,3.1945,37.28,1.9667999999999999,1.9861,0.007242628039317189,-0.032074495602690156,-0.061562338334195554,0.38122013949738753,1.0102695710066127
2025-09-29,1.932,1.947,1.952,1.903,3450979,665193435.0,2.53,0.72,0.014,25.36,-0.056228793019874046,0.01831030491872704,4932282.7,-0.2734999999999999,3.0855,36.2455,1.955,1.9764999999999997,0.02259887005649719,-0.08320493066255785,-0.05803800719054952,1.1903977685984999,0.9239957978469466
2025-09-30,1.952,1.991,1.995,1.943,5663963,1118912530.0,2.67,2.26,0.044,41.62,-0.03255587949465488,0.019167282733861854,4869587.8,-0.1484999999999999,3.035,35.7845,1.959,1.9741,-0.013561024610748484,-0.08287292817679559,-0.10447011551983931,0.6985649291470242,0.5494437883252297
2025-10-09,2.017,1.964,2.04,1.949,3956389,782517453.0,4.57,-1.36,-0.027,29.07,-0.060736489717838404,0.018884220330312576,4770905.1,-0.2964999999999999,3.1345,35.059,1.9602,1.9712,-0.024949083503054914,-0.05244399185336046,-0.11405295315682284,0.8636718730275907,0.5526801262595713
2025-10-10,1.954,1.915,1.98,1.911,3712082,723167058.0,3.51,-2.49,-0.049,27.28,-0.047737444057682765,0.017776828591559705,4680255.15,-0.2294999999999999,3.042,34.393,1.95,1.9622,-0.02297650130548301,-0.052219321148825104,-0.09399477806788503,0.5414670578170679,0.395606107966731
2025-10-13,1.839,1.871,1.896,1.839,2539974,475344801.0,2.98,-2.3,-0.044,18.67,-0.11536643026004734,0.013050447153461929,4462174.7,-0.603,2.9225,32.7905,1.9376000000000002,1.9522,-0.04596472474612512,-0.03046499198289676,-0.06894708711918762,0.42570141081323376,0.3360675388070571
2025-10-14,1.89,1.785,1.905,1.773,3566475,655739311.0,7.06,-4.6,-0.086,26.21,-0.14797136038186165,0.015815406206377912,4302220.2,-0.7854999999999999,3.1005,31.615000000000002,1.9052,1.9301,0.02296918767507017,0.027450980392156987,-0.04089635854341733,-0.23532292789574294,-0.031215198324501814
2025-10-15,1.797,1.826,1.828,1.765,3914776,705837286.0,3.53,2.3,0.041,28.77,-0.12881679389312972,0.017179875047070275,4246062.25,-0.6729999999999998,3.1075,31.202500000000004,1.8722,1.9156,0.0191675794085433,-0.023548740416210356,-0.055859802847754714,-0.16668615013982213,-0.2387229607497624
2025-10-16,1.823,1.861,1.89,1.821,4577852,852916809.0,3.78,1.92,0.035,33.64,-0.09966134494436385,0.018025650311313462,4283833.05,-0.5079999999999999,3.1675,31.48,1.8516000000000001,1.9059000000000001,-0.024717893605588404,-0.06501880709296082,-0.09940891993551859,-0.42154721344373225,-0.3391784465049975
2025-10-17,1.867,1.815,1.879,1.811,3014175,555385780.0,3.65,-2.47,-0.046,22.15,-0.11029411764705888,0.018479992081841624,4044335.55,-0.566,3.016,29.72,1.8316,1.8908,-0.000550964187327807,-0.044077134986225786,-0.026446280991735516,-0.45041631222934686,0.02907173111236694
2025-10-20,1.853,1.814,1.855,1.803,2721141,495517772.0,2.87,-0.06,-0.001,20.0,-0.1142578125,0.018384722694152672,3881493.8,-0.5884999999999999,3.064,28.523500000000002,1.8201999999999998,1.8789000000000002,0.011025358324145529,-0.03969128996692395,-0.007717750826901848,-0.41386172174704094,0.07208923776394749
2025-10-21,1.826,1.834,1.842,1.812,3034496,554652168.0,1.65,1.1,0.02,22.3,-0.10230053842388642,0.01876030993782566,3794798.85,-0.5214999999999999,3.034,27.886499999999995,1.83,1.8676000000000001,-0.027808069792802703,-0.06652126499454747,-0.04634678298800432,-0.2854799289939288,0.10334753711339029
2025-10-22,1.838,1.783,1.848,1.781,3217129,581249526.0,3.65,-2.78,-0.051,23.64,-0.11513647642679914,0.019352010260889136,3788399.35,-0.5919999999999999,3.089,27.839500000000005,1.8214,1.8468,-0.024116657319125046,-0.033090297251822776,-0.024116657319125046,-0.356763549497219,0.11207510164802881
2025-10-23,1.779,1.74,1.781,1.711,3781629,655453928.0,3.93,-2.41,-0.043,27.79,-0.12694430506773713,0.019752387599695772,3777078.25,-0.6579999999999998,3.144,27.7565,1.7972000000000001,1.8244,-0.002873563218390718,-0.0367816091954023,-0.0034482758620689724,-0.15122511305369712,0.043149814283753196
2025-10-24,1.75,1.735,1.762,1.731,3373278,588278896.0,1.78,-0.29,-0.005,24.79,-0.13466334164588523,0.019552906811719856,3622521.55,-0.7024999999999999,3.0874999999999995,26.621,1.7812000000000001,1.8064,0.00403458213256469,0.018443804034582012,-0.02363112391930844,0.9145292828916376,0.10579858581305879
2025-10-27,1.751,1.742,1.759,1.734,3200255,558187623.0,1.44,0.4,0.007,23.52,-0.1161846778285135,0.01955497337712619,3576580.55,-0.5974999999999999,2.9825,26.283499999999997,1.7668,1.7935000000000003,-0.01722158438576349,0.033295063145809545,-0.014351320321469574,0.8766386189129387,0.13279893583962998
2025-10-28,1.744,1.712,1.747,1.71,2189409,377772755.0,2.12,-1.72,-0.03,16.09,-0.14656031904287126,0.018873179272222308,3490100.9,-0.7724999999999999,2.972,25.648000000000003,1.7424,1.7862000000000002,0.007009345794392496,0.0216121495327104,-0.0005841121495326895,1.5298804596145268,0.34553803223902246
2025-10-29,1.707,1.724,1.725,1.707,1184404,203217622.0,1.05,0.7,0.012,8.7,-0.1253170979198377,0.01900175811851917,3359876.8,-0.6504999999999999,2.8725,24.691,1.7306000000000001,1.7760000000000002,-0.02784222737819031,0.009280742459396807,0.02088167053364276,1.5807171350590727,0.5970633203183537
2025-10-30,1.721,1.676,1.726,1.672,3580285,604425934.0,3.13,-2.78,-0.048,26.31,-0.14402451481103173,0.019592165718973112,3374923.3,-0.7565,2.9579999999999997,24.801499999999997,1.7177999999999998,1.7574999999999998,0.05429594272076366,0.034606205250596656,0.09725536992840089,1.1074226238589469,0.7657293124478948
2025-10-31,1.681,1.767,1.77,1.681,9484577,1654329949.0,5.31,5.43,0.091,69.7,-0.10122075279755849,0.02390535990331525,3683009.4,-0.5054999999999998,3.152,27.065499999999997,1.7242000000000002,1.7527000000000001,0.018675721561969505,-0.04131295981890204,0.028296547821165863,-0.41272580198735953,-0.06639684748713537
2025-11-03,1.769,1.8,1.822,1.74,9065783,1621822019.0,4.64,1.87,0.033,66.62,-0.06880496637351263,0.024301029943181278,3961452.55,-0.32799999999999985,3.2924999999999995,29.1115,1.7358,1.7513,-0.02833333333333332,-0.0461111111111111,-0.008333333333333415,-0.4804431254298388,-0.09417785371518883
2025-11-04,1.791,1.749,1.797,1.743,4600045,813841364.0,3.0,-2.83,-0.051,33.8,-0.10169491525423724,0.024787575178030433,4018905.85,-0.5054999999999998,3.316,29.533500000000004,1.7432000000000003,1.7428000000000001,-0.005145797598627877,-0.021726700971984036,0.005145797598627766,-0.6257108078518661,-0.18264563938469325
2025-11-05,1.72,1.74,1.77,1.699,6465443,1127197216.0,4.06,-0.51,-0.009,47.51,-0.12606730286288303,0.023919523904430556,4058979.85,-0.6439999999999999,3.3854999999999995,29.828000000000003,1.7464,1.7384999999999997,-0.0034482758620689724,0.011494252873563315,0.0022988505747125743,-0.4395588145881605,-0.1375695951941881
2025-11-06,1.739,1.734,1.744,1.716,4454893,769005186.0,1.61,-0.34,-0.006,32.74,-0.11710794297352345,0.023867993919498325,4083905.05,-0.5929999999999999,3.2375,30.0115,1.7579999999999998,1.7378999999999998,-0.023068050749711633,0.06055363321799301,0.007497116493656364,-0.14566356565663852,-0.0975471732845059
2025-11-07,1.732,1.694,1.735,1.693,3623876,620649687.0,2.42,-2.31,-0.04,26.63,-0.11540469973890344,0.023792727804223583,4079494.75,-0.5839999999999999,3.183,29.979000000000003,1.7434,1.7338,0.013577331759150102,0.0726092089728454,-0.0017709563164107767,0.24733997698651788,-0.08666219463077962
2025-11-10,1.691,1.717,1.721,1.683,4891436,832434126.0,2.24,1.36,0.023,35.95,-0.08230892570817738,0.023811404503905814,4197067.85,-0.4009999999999999,3.146,30.843,1.7268000000000001,1.7312999999999998,-0.0034944670937682165,0.03960396039603942,0.008153756552125913,0.6244271875750811,-0.06868529618385266
2025-11-11,1.722,1.711,1.729,1.699,3449686,589994272.0,1.75,-0.35,-0.006,25.35,-0.041456582633053185,0.02167114914563564,4191228.4,-0.18849999999999986,2.8805,30.8,1.7192,1.7312,0.02863822326125076,0.02746931618936288,0.019286966686148377,1.2298237239883343,-0.045927093870523295
2025-11-12,1.722,1.76,1.772,1.721,7208535,1266409292.0,2.98,2.86,0.049,52.97,-0.03614457831325302,0.022047268631565205,4355916.35,-0.16049999999999984,2.8529999999999998,32.010000000000005,1.7231999999999998,1.7348,0.04488636363636367,-0.00909090909090915,0.013068181818181701,0.33981207421112014,-0.12686553942130363
2025-11-13,1.774,1.839,1.84,1.773,7648474,1387231749.0,3.81,4.49,0.079,56.21,-0.01182160128962928,0.023987586734125543,4509447.45,-0.03199999999999985,2.8545,33.1385,1.7442,1.7511000000000003,-0.011963023382272953,-0.050027188689505064,-0.02882001087547581,-0.7153235076264997,-0.35481394598606186
2025-11-14,1.813,1.817,1.868,1.803,7741664,1422932843.0,3.53,-1.2,-0.022,56.89,0.001101928374655614,0.02346884831355988,4745821.9,0.03150000000000016,2.8485,34.8755,1.7688,1.7561,-0.017611447440836536,-0.06934507429829384,-0.02421574023115025,-0.4611748118582356,-0.24327870528082163
2025-11-17,1.82,1.785,1.836,1.782,4982346,894559492.0,2.97,-1.76,-0.032,36.61,-0.015986769570011106,0.023809512821215028,4858882.15,-0.05349999999999984,2.8535,35.705999999999996,1.7823999999999998,1.7546,-0.015126050420168013,-0.030252100840336027,-0.014565826330532272,-0.24271940848961293,-0.27680555879550595
2025-11-18,1.783,1.758,1.817,1.75,3928394,700129225.0,3.75,-1.51,-0.027,28.87,-0.04143947655398039,0.023859025075761348,4903577.05,-0.18399999999999986,2.9585,36.034499999999994,1.7917999999999998,1.7555,-0.007963594994311762,-0.007963594994311762,-0.014220705346985163,-0.2877958141318576,-0.23111873001722305
2025-11-19,1.757,1.744,1.77,1.728,4286683,747542658.0,2.39,-0.8,-0.014,31.5,-0.02187324733595064,0.023123858783435775,4957054.75,-0.08499999999999985,2.8954999999999997,36.427499999999995,1.7886,1.7559,0.0017201834862385912,0.022362385321100797,-0.02006880733944949,-0.13865390859304294,-0.21831136729539158
2025-11-20,1.749,1.747,1.77,1.735,4358386,763056468.0,2.01,0.17,0.003,32.03,0.004022988505747227,0.022468304486303305,4985892.6,0.04400000000000016,2.7994999999999997,36.639500000000005,1.7701999999999998,1.7571999999999999,-0.03205495134516312,0.02232398397252422,-0.005151688609044136,1.9814766867645384,-0.1707956842088214
2025-11-21,1.734,1.691,1.734,1.676,4208785,717528936.0,3.32,-3.21,-0.056,30.93,-0.025360230547550433,0.023612972736411116,5027667.95,-0.10199999999999984,2.8765,36.9465,1.7449999999999999,1.7569000000000004,0.023654642223536415,0.04849201655824942,0.029568302779420463,0.06876608196584,-0.38053590097826107
2025-11-24,1.704,1.731,1.739,1.703,4248376,731049860.0,2.13,2.37,0.04,31.22,-0.006314580941446546,0.024233499935434572,5080074.0,-0.0034999999999998366,2.911,37.3315,1.7342,1.7583000000000002,0.007510109763142703,0.016175621028307274,-0.009820912767186663,-0.3964990828819255,-0.44234764456146425
2025-11-25,1.739,1.744,1.781,1.737,4953975,872224106.0,2.54,0.75,0.013,36.4,0.01869158878504673,0.023939880362904557,5218302.3,0.12000000000000015,2.932,38.346999999999994,1.7314,1.7616,0.022362385321100797,-0.006307339449541205,-0.03669724770642202,-0.3013053322848457,-0.40709822316622846
2025-11-26,1.754,1.783,1.809,1.753,5761854,1028570669.0,3.21,2.24,0.039,42.34,0.034222737819025406,0.024378247208979513,5447174.8,0.19700000000000015,3.04,40.029,1.7391999999999999,1.7639,0.0016825574873808868,-0.041503084688726766,-0.06057206954570937,-0.7082289335136838,-0.5295051910659947
2025-11-27,1.787,1.786,1.804,1.766,4309523,770928151.0,2.13,0.17,0.003,31.67,0.0656324582338903,0.02335063690479188,5483636.7,0.34450000000000014,2.9899999999999998,40.297,1.7469999999999999,1.7586,-0.007278835386338223,-0.026875699888017968,-0.06830907054871227,-0.42699753850181454,-0.4005313264057928
2025-11-28,1.786,1.773,1.8,1.768,2892234,513968331.0,1.79,-0.73,-0.013,21.25,0.00339558573853993,0.020129518039303376,5154019.55,0.036500000000000137,2.814,37.8745,1.7634,1.7542000000000002,-0.007896221094190636,-0.018048505358149947,-0.0485053581500281,-0.0087421456294684,-0.28628382135141994
2025-12-01,1.78,1.759,1.782,1.749,3028188,532938953.0,1.86,-0.79,-0.014,22.25,-0.022777777777777897,0.019730021046647603,4852139.8,-0.09649999999999988,2.675,35.656,1.7690000000000001,1.7515999999999998,-0.014781125639567794,-0.025582717453098258,-0.07447413303013073,0.14367339832158943,-0.06404338376224528
2025-12-02,1.752,1.733,1.756,1.732,1933443,336612613.0,1.36,-1.48,-0.026,14.21,-0.009148084619782781,0.018958331363630457,4718809.7,-0.02899999999999987,2.593,34.6765,1.7668,1.7490999999999999,-0.013848817080207798,-0.030582804385458795,-0.07732256203115995,0.059087404246838116,-0.051440739059328444
2025-12-03,1.729,1.709,1.744,1.702,2103586,361571649.0,2.42,-1.38,-0.024,15.46,-0.017816091954022895,0.01917430272980331,4500716.85,-0.07249999999999987,2.511,33.074,1.752,1.7456,0.016968987712112193,-0.01989467524868349,-0.05558806319485077,1.2216928283507795,-0.029575043718827465
2025-12-04,1.723,1.738,1.742,1.715,3264998,565133079.0,1.58,1.7,0.029,23.99,0.0023068050749712743,0.019561304189626608,4441222.1,0.029500000000000137,2.5095,32.6365,1.7424,1.7447000000000004,0.0017261219792865656,-0.04257767548906788,-0.07307249712313002,-0.3125873221839012,-0.18703872662252963
2025-12-05,1.737,1.741,1.747,1.719,2709681,468410580.0,1.61,0.17,0.003,19.91,0.02774498229043698,0.018772447646707432,4395512.35,0.15350000000000014,2.4690000000000003,32.3005,1.736,1.7497,-0.015508328546812278,-0.031016657093624334,-0.05341757610568654,-0.01145453574083699,0.22130728679747524
2025-12-08,1.754,1.714,1.758,1.705,3947955,679742708.0,3.04,-1.55,-0.027,29.01,-0.0017472335468842193,0.018916539528605662,4348338.3,0.008000000000000118,2.509,31.953500000000002,1.7269999999999999,1.748,-0.019836639439906656,-0.05017502917152861,-0.049591598599766584,0.288730752833559,0.29213460642902933
2025-12-09,1.715,1.68,1.736,1.672,4577544,779725676.0,3.73,-1.98,-0.034,33.64,-0.018118059614260718,0.019425232350850353,4404731.2,-0.07349999999999987,2.6079999999999997,32.368,1.7164000000000001,1.7416,-0.0029761904761904656,-0.048214285714285654,-0.03154761904761905,0.18771378559302065,0.15809983782952997
2025-12-10,1.677,1.675,1.685,1.66,2475407,413833967.0,1.49,-0.3,-0.005,18.19,-0.048295454545454475,0.018153809222819704,4168074.8,-0.23149999999999987,2.5335,30.629,1.7096,1.7308,-0.006567164179104523,-0.036417910447761104,-0.035820895522388096,0.36710841257642945,0.5081722915948592
2025-12-11,1.681,1.664,1.697,1.659,3320514,557429132.0,2.27,-0.66,-0.011,24.4,-0.09516041326808056,0.014362267083360363,3951676.8,-0.4889999999999999,2.4565,29.038500000000006,1.6948,1.7186,0.013822115384615419,-0.03185096153846145,-0.029447115384615308,1.2665188468447672,0.5578806788686066
2025-12-12,1.667,1.687,1.692,1.652,3756579,627996591.0,2.4,1.38,0.023,27.61,-0.07154650522839845,0.014843143105064783,3752422.55,-0.35999999999999993,2.4,27.5745,1.684,1.7100000000000002,-0.03497332542975706,-0.023117960877297117,-0.04149377593361003,0.735385870208902,0.24721354473669965
2025-12-15,1.676,1.628,1.68,1.627,2677069,441398738.0,3.14,-3.5,-0.059,19.67,-0.08795518207282915,0.016155410154322692,3637158.7,-0.4469999999999999,2.4085,26.727500000000003,1.6667999999999998,1.6969,-0.017813267813267752,0.0006142506142505777,-0.03071253071253055,-0.10983958382698833,-0.14753237482223513
2025-12-16,1.624,1.599,1.632,1.581,2638066,421541471.0,3.13,-1.78,-0.029,19.39,-0.09044368600682595,0.016259553034135395,3572642.3,-0.46049999999999985,2.3775,26.253500000000003,1.6506,1.6835,0.009380863039399667,0.01751094434021261,-0.02501563477173241,-0.2747891915544587,-0.19479520855788335
2025-12-17,1.607,1.614,1.615,1.59,2389497,382963430.0,1.56,0.94,0.015,17.56,-0.0745412844036697,0.016531129421613194,3477783.0,-0.37349999999999983,2.336,25.5565,1.6384,1.674,-0.0018587360594796154,0.0006195786864930941,-0.049566294919454856,-0.32963751791093976,-0.23477084880946952
2025-12-18,1.607,1.611,1.627,1.594,2416330,390033563.0,2.04,-0.19,-0.003,17.76,-0.07784773898111053,0.016488281318484267,3380680.2,-0.3914999999999999,2.3375,24.843,1.6278,1.6613,0.022967101179391713,0.0024829298572315306,0.009931719428926122,-0.3368573586192891,0.6559012057577074
2025-12-19,1.613,1.648,1.665,1.613,3702894,608656394.0,3.23,2.3,0.037,27.21,-0.02542874039030163,0.016132259542911927,3355385.65,-0.11599999999999988,2.333,24.657000000000004,1.6199999999999999,1.652,-0.011529126213592145,-0.018810679611650394,-0.010315533980582492,-0.7596866019306561,0.32752701608189283
2025-12-22,1.655,1.629,1.658,1.628,2223069,363972992.0,1.82,-1.15,-0.019,16.34,-0.05892547660311964,0.015173347887848406,3254120.3,-0.2919999999999999,2.3175,23.913,1.6202,1.6435,-0.0012277470841006721,-0.03130755064456714,0.03499079189686927,-0.3577511561171496,0.45974262019882417
2025-12-23,1.631,1.627,1.654,1.621,2491478,408229973.0,2.03,-0.12,-0.002,18.31,-0.06708715596330272,0.014981737520801092,3130995.45,-0.33549999999999985,2.292,23.0085,1.6258,1.6382,-0.007375537799631182,-0.041794714197910254,0.04240934234787952,-0.2156188740650219,0.5272741491530366
2025-12-24,1.62,1.615,1.631,1.615,1512966,245306740.0,0.98,-0.74,-0.012,11.12,-0.09422321929332578,0.013716886246112591,2918551.05,-0.4844999999999999,2.1805,21.447499999999998,1.6260000000000001,1.6321999999999999,0.0,-0.05015479876160989,0.05944272445820431,-0.1952173450218848,0.5024275397285971
2025-12-25,1.616,1.615,1.622,1.613,523794,84644252.0,0.56,0.0,0.0,3.85,-0.0957446808510638,0.01367984676505227,2729264.6,-0.4929999999999999,2.1020000000000003,20.0565,1.6268,1.6273,0.0012383900928791824,0.007430340557275539,0.05201238390092877,1.5485675486498285,0.5202128148021612
2025-12-26,1.614,1.617,1.618,1.612,492498,79545567.0,0.37,0.12,0.002,3.62,-0.08798646362098139,0.013735347785693608,2609277.8,-0.4505,2.0309999999999997,19.174999999999997,1.6206,1.6202999999999999,-0.024118738404452666,0.008658008658008587,0.0575139146567718,5.246399671503737,0.6113888615132697
2025-12-29,1.619,1.578,1.62,1.577,3147147,499949433.0,2.66,-2.41,-0.039,23.13,-0.10289937464468435,0.014408685363247561,2615225.75,-0.5315,2.0709999999999997,19.219,1.6103999999999998,1.6153,-0.012040557667934215,0.06844106463878319,0.09505703422053235,2.1142057221602326,0.698350386155723
2025-12-30,1.572,1.559,1.573,1.544,2158481,335821911.0,1.84,-1.2,-0.019,15.86,-0.10040392383150609,0.014326727285425032,2626477.65,-0.5174999999999998,2.0949999999999998,19.301499999999997,1.5968,1.6113,-0.01603592046183444,0.08787684413085306,0.09749839640795388,1.9141017628556147,0.7602304805114051
2025-12-31,1.558,1.534,1.56,1.533,1238271,191349206.0,1.73,-1.6,-0.025,9.1,-0.10239906377998831,0.014404526077323778,2583211.9,-0.5285,2.0605,18.9835,1.5806,1.6032999999999997,0.06062581486310292,0.11538461538461542,0.10821382007822677,1.2890476943816545,0.69135864679244
2026-01-05,1.548,1.627,1.629,1.54,5707791,913721299.0,5.8,6.06,0.093,41.94,-0.06386651323360182,0.02012627057568971,2705351.55,-0.3104999999999999,2.2715,19.881,1.583,1.6049,0.0024585125998770607,0.044253226797787315,0.017209588199139425,-0.5549190632258618,-0.350155191346201
2026-01-06,1.628,1.631,1.637,1.609,3526811,572725767.0,1.72,0.25,0.004,25.92,-0.06318207926479036,0.020136187319352794,2746208.05,-0.3064999999999999,2.277,20.1815,1.5858,1.6032,0.033721643163703297,0.048436541998773786,0.004904966278356904,-0.5641730775427763,-0.299283276059058
2026-01-07,1.64,1.686,1.693,1.64,6312273,1058331004.0,3.25,3.37,0.055,46.39,-0.016336056009334854,0.02149838804040923,2864423.95,-0.06049999999999991,2.2875,21.0505,1.6073999999999997,1.6088999999999998,0.005931198102016699,0.02491103202846978,-0.034994068801897926,-0.7877307950111787,-0.5460571451254383
2026-01-08,1.71,1.696,1.725,1.689,4293675,732433226.0,2.14,0.59,0.01,31.55,0.00952380952380949,0.021052814750738575,2850230.5,0.06800000000000009,2.208,20.946,1.6347999999999998,1.6158000000000001,0.00884433962264164,0.00884433962264164,-0.050707547169811185,-0.6837805244743436,-0.5582614080002947
2026-01-09,1.688,1.711,1.713,1.663,4380722,742209720.0,2.95,0.88,0.015,32.19,0.021492537313432925,0.021110569776972215,2945496.25,0.12700000000000009,2.2809999999999997,21.646,1.6702,1.6254000000000002,-0.007013442431326733,-0.006428988895382903,-0.04149620105201646,-0.6312024842195978,-0.48508488991172016
2026-01-12,1.711,1.699,1.73,1.686,3788256,642735534.0,2.57,-0.7,-0.012,27.84,0.021033653846153966,0.021119526401183367,2968883.35,0.12500000000000008,2.296,21.818,1.6846,1.6338000000000001,0.0064743967039433414,-0.025897586815774032,-0.053560918187168904,-0.033479858554363084,-0.45553995587745755
2026-01-13,1.716,1.71,1.754,1.701,5621316,974336461.0,3.12,0.65,0.011,41.31,0.013633669235328938,0.020952569154736086,3062120.2,0.08850000000000009,2.332,22.503,1.7003999999999997,1.6430999999999998,0.010526315789473717,-0.04152046783625729,-0.05380116959064318,-0.1138665821629975,-0.45562558188958147
2026-01-14,1.728,1.728,1.758,1.701,5593320,968015186.0,3.33,1.05,0.018,41.1,0.061425061425061545,0.01925591961596988,3207932.75,0.3160000000000001,2.3415,23.5745,1.7088,1.6581,-0.00983796296296291,-0.05844907407407407,-0.05092592592592593,0.18908157999408037,-0.38139937600307516
2026-01-15,1.728,1.711,1.746,1.707,2845105,490602698.0,2.26,-0.98,-0.017,20.91,0.07004377736085066,0.01887764294226439,3218284.7,0.35600000000000015,2.298,23.6505,1.7118000000000002,1.6733,-0.006428988895382903,-0.05902980713033312,-0.05143191116306256,-0.13463024599743423,-0.3744355110457528
2026-01-16,1.711,1.7,1.722,1.692,2461862,419468128.0,1.75,-0.64,-0.011,18.09,0.053283767038413865,0.018951785286266867,3221902.95,0.27700000000000014,2.3075,23.677,1.7096,1.6899000000000002,-0.026470588235294024,-0.03529411764705881,-0.06588235294117639,0.7824744058008981,-0.30114409743911963
2026-01-19,1.7,1.655,1.7,1.653,2254116,375506898.0,2.76,-2.65,-0.045,16.56,0.027312228429546836,0.020035939075556435,3213792.25,0.15400000000000008,2.3435,23.617,1.7007999999999999,1.6926999999999999,-0.00966767371601207,-0.028398791540785506,-0.07673716012084597,-0.020726179535680567,0.07078636758306245
2026-01-20,1.653,1.639,1.669,1.634,2006360,330433047.0,2.11,-0.97,-0.016,14.74,-0.005461165048543659,0.01952094887279614,3128965.55,-0.009499999999999875,2.2875,22.9935,1.6865999999999999,1.6935000000000002,-0.007321537522879784,-0.01281269066503965,-0.05308114704087852,0.13921702325525231,0.13768568117718627
2026-01-21,1.635,1.627,1.646,1.623,1914810,312559221.0,1.4,-0.73,-0.012,14.07,-0.0012277470841006721,0.01941362878207888,3113552.6,0.011500000000000121,2.2664999999999997,22.880000000000003,1.6664,1.6876000000000002,-0.010448678549477508,0.007990165949600447,-0.028887523048555575,0.959736430261604,0.737090278586684
2026-01-22,1.642,1.61,1.65,1.607,1970645,319470665.0,2.64,-1.04,-0.017,14.48,-0.010448678549477508,0.019556141918281846,3087510.95,-0.03449999999999988,2.297,22.688499999999998,1.6461999999999999,1.6789999999999998,0.01863354037267073,0.008074534161490732,-0.02795031055900632,0.9660852722031334,0.7854654755033623
2026-01-23,1.618,1.64,1.646,1.614,3089777,504963944.0,1.99,1.86,0.03,22.71,0.015479876160990669,0.019925447164832365,3166351.5,0.09550000000000011,2.3474999999999997,23.268,1.6341999999999999,1.6719000000000002,-0.019512195121951126,-0.03170731707317065,-0.038414634146341387,-0.03793970123526913,0.47119933386054424
2026-01-26,1.645,1.608,1.645,1.601,2504583,403519107.0,2.68,-1.95,-0.032,18.41,-0.004334365325077361,0.020445492101504963,3265390.95,-0.0019999999999998686,2.4535000000000005,23.996,1.6248,1.6628,0.006218905472636926,-0.04975124378109452,-0.00497512437810943,0.44731996439770483,0.36923932346367505
2026-01-27,1.609,1.618,1.625,1.591,2059222,330896957.0,2.11,0.62,0.01,15.13,0.0006184291898578831,0.020491931533648852,3343727.15,0.02300000000000013,2.5405,24.571500000000004,1.6206,1.6536000000000002,0.013597033374536327,-0.040791100123609425,0.01854140914709501,0.5306529003024203,0.5397692436900643
2026-01-28,1.619,1.64,1.641,1.614,2627846,428743659.0,1.67,1.36,0.022,19.31,0.03929024081115329,0.019859229384587302,3317762.1,0.21150000000000016,2.491,24.3805,1.6232,1.6448,-0.010365853658536484,-0.03658536585365846,0.0024390243902439046,0.4870384897631297,0.4667235900406501
2026-01-29,1.631,1.623,1.642,1.62,2204092,358686905.0,1.34,-1.04,-0.017,16.2,0.04105195638229642,0.019799854045830262,3320042.65,0.21950000000000017,2.466,24.3975,1.6258,1.636,-0.02156500308071463,-0.03573629081947016,-0.011706715958102243,0.48688116720810837,0.5529701754343024
2026-01-30,1.625,1.588,1.64,1.587,2260024,362977114.0,3.27,-2.16,-0.035,16.61,0.03520208604954367,0.0201040829688831,3371130.3,0.19150000000000014,2.543,24.773,1.6154,1.6248,-0.037783375314861534,-0.006926952141057985,0.010075566750629816,0.48083245109283124,0.3751252123529003
2026-02-02,1.586,1.528,1.587,1.527,2193972,339645796.0,3.78,-3.78,-0.06,16.12,-0.060848186846957586,0.01674117766090381,3195439.35,-0.3004999999999998,2.4419999999999997,23.482,1.5994,1.6120999999999999,0.015706806282722585,0.04712041884816753,0.04123036649214651,-0.46105000749507397,-0.053853557549463305
2026-02-03,1.545,1.552,1.557,1.511,2472937,380075809.0,3.01,1.57,0.024,18.17,-0.048436541998773786,0.01722369758203564,3142745.65,-0.23449999999999985,2.5065,23.0945,1.5862,1.6034,0.018041237113401998,0.061855670103092786,0.021907216494845283,-0.36538169973073586,-0.15344701452379528
2026-02-04,1.542,1.58,1.582,1.523,2901078,449828769.0,3.8,1.8,0.028,21.32,-0.06287069988137595,0.015793368588266958,2972185.9,-0.31299999999999983,2.534,21.841,1.5742,1.5987,-0.009493670886076,0.040506329113924044,-0.02658227848101269,-0.36183745286486924,-0.11504991818165644
2026-02-05,1.561,1.565,1.584,1.55,2481639,387324122.0,2.15,-0.95,-0.015,18.24,-0.07724056603773588,0.015704371576977044,2881584.1,-0.3899999999999998,2.5345,21.1755,1.5626,1.5942,0.007667731629392938,0.024920127795527325,-0.025559105431309903,-0.15731623513951354,-0.11546527366630777
2026-02-06,1.55,1.577,1.593,1.539,2776780,436755530.0,3.45,0.77,0.012,20.41,-0.07831677381648161,0.01565627361767202,2801387.0,-0.39549999999999985,2.5595000000000003,20.5865,1.5604,1.5878999999999999,0.014584654407102216,0.017121116043119944,-0.06150919467343052,-0.12308041185857921,0.01237733698797916
2026-02-09,1.596,1.6,1.622,1.593,2518053,403518666.0,1.84,1.46,0.023,18.5,-0.058269570335491405,0.01617043581259587,2737876.85,-0.28749999999999987,2.523,20.119500000000002,1.5748000000000002,1.5871,0.029999999999999805,-0.005625000000000102,-0.1100000000000001,0.7634925121959943,0.062341054481202196
2026-02-10,1.596,1.648,1.663,1.594,4387980,718397151.0,4.31,3.0,0.048,32.25,-0.036257309941520544,0.017672054937677678,2676210.05,-0.16999999999999985,2.5825,19.666500000000003,1.5939999999999999,1.5901,-0.0024271844660194164,-0.0376213592233009,-0.15109223300970864,-0.326498595735882,-0.35410027684878176
2026-02-11,1.644,1.644,1.662,1.637,1875423,309174546.0,1.52,-0.24,-0.004,13.78,-0.04861111111111116,0.017436335110936053,2490315.2,-0.23449999999999988,2.492,18.3005,1.6067999999999998,1.5905,-0.02433090024330886,-0.06447688564476883,,-0.1279896390037385,
2026-02-12,1.637,1.604,1.646,1.603,2139699,345245782.0,2.62,-2.43,-0.04,15.72,-0.06253652834599643,0.018054394900518564,2455044.9,-0.30699999999999983,2.5100000000000002,18.041000000000004,1.6146,1.5886,0.0,-0.04925187032418965,,-0.4136309638195973,
2026-02-13,1.592,1.604,1.611,1.591,1563392,250398142.0,1.25,0.0,0.0,11.49,-0.05647058823529405,0.01804864159182769,2410121.4,-0.27499999999999986,2.4850000000000003,17.711,1.6199999999999999,1.5901999999999998,-0.008104738154613544,-0.07730673316708236,,-0.3619554140385004,
2026-02-24,1.623,1.591,1.64,1.583,1881491,301745261.0,3.55,-0.81,-0.013,13.83,-0.038670694864048394,0.017226572703155637,2391490.15,-0.18299999999999986,2.5244999999999997,17.5745,1.6181999999999999,1.5965,-0.00314267756128217,-0.10496543054682594,,-0.23405687847508272,
2026-02-25,1.595,1.586,1.605,1.586,1734848,276338786.0,1.19,-0.31,-0.005,12.75,-0.032336790726052445,0.017131822594550594,2377914.55,-0.14999999999999986,2.4784999999999995,17.475,1.6058,1.5999,-0.030264817150063128,-0.11790668348045397,,0.1868488883995525,
2026-02-26,1.586,1.538,1.589,1.533,1975232,307723517.0,3.53,-3.03,-0.048,14.52,-0.054701905347264934,0.018272191903414566,2380935.65,-0.26499999999999985,2.585,17.4975,1.5846,1.5957000000000001,-0.008452535760728352,,,,
2026-02-27,1.53,1.525,1.549,1.518,3201292,489764367.0,2.02,-0.85,-0.013,23.52,-0.052795031055900776,0.01823275766344166,2442468.0,-0.25549999999999984,2.554,17.9495,1.5688,1.5917,-0.02950819672131144,,,,
2026-03-02,1.509,1.48,1.511,1.469,2319746,344626996.0,2.75,-2.95,-0.045,17.05,-0.09756097560975607,0.018465315604234665,2403966.45,-0.4959999999999999,2.592,17.6665,1.544,1.582,-0.037837837837837895,,,,
2026-03-03,1.48,1.424,1.486,1.423,2662149,386242562.0,4.26,-3.78,-0.056,19.56,-0.11442786069651756,0.01964273486429091,2411844.75,-0.5874999999999998,2.671,17.724,1.5105999999999997,1.5644,-0.01755617977528079,,,,
2026-03-04,1.4,1.399,1.438,1.388,2429979,343166579.0,3.51,-1.76,-0.025,17.86,-0.13535228677379485,0.019591784528447755,2430382.6,-0.7064999999999999,2.7409999999999997,17.8605,1.4731999999999998,1.5394999999999999,,,,,
