# code=159967, name=创业板成长ETF
日期,开盘,收盘,最高,最低,成交量,成交额,振幅,涨跌幅,涨跌额,换手率
2023-01-30,0.617,0.61,0.619,0.608,2049181,125725994.598,1.83,1.33,0.008,4.41
2023-01-31,0.609,0.605,0.613,0.604,2402097,146135435.233,1.48,-0.82,-0.005,5.17
2023-02-01,0.606,0.61,0.612,0.601,2106789,127944404.619,1.82,0.83,0.005,4.53
2023-02-02,0.611,0.607,0.614,0.605,1984736,120903433.28,1.48,-0.49,-0.003,4.27
2023-02-03,0.605,0.602,0.608,0.594,2404552,144418652.188,2.31,-0.82,-0.005,5.17
2023-02-06,0.596,0.595,0.599,0.591,1723005,102545342.632,1.33,-1.16,-0.007,3.71
2023-02-07,0.596,0.593,0.599,0.588,1218452,72330649.159,1.85,-0.34,-0.002,2.62
2023-02-08,0.592,0.59,0.597,0.589,1262312,74878014.301,1.35,-0.51,-0.003,2.72
2023-02-09,0.589,0.602,0.602,0.588,1372445,81886739.4,2.37,2.03,0.012,2.95
2023-02-10,0.602,0.595,0.603,0.591,1527290,90814919.751,1.99,-1.16,-0.007,3.29
2023-02-13,0.595,0.603,0.603,0.594,1307709,78483754.126,1.51,1.34,0.008,2.81
2023-02-14,0.604,0.6,0.605,0.598,812228,48793535.4,1.16,-0.5,-0.003,1.75
2023-02-15,0.6,0.597,0.604,0.596,1007313,60240154.96,1.33,-0.5,-0.003,2.17
2023-02-16,0.598,0.589,0.601,0.586,2034643,121066089.1,2.51,-1.34,-0.008,4.38
2023-02-17,0.588,0.575,0.59,0.575,1816039,105602890.571,2.55,-2.38,-0.014,3.91
2023-02-20,0.575,0.581,0.582,0.568,1265800,72722120.614,2.43,1.04,0.006,2.72
2023-02-21,0.58,0.578,0.581,0.574,1078412,62295007.049,1.2,-0.52,-0.003,2.32
2023-02-22,0.575,0.576,0.58,0.573,890138,51317366.216,1.21,-0.35,-0.002,1.92
2023-02-23,0.575,0.579,0.58,0.575,979576,56619768.495,0.87,0.52,0.003,2.11
2023-02-24,0.579,0.574,0.579,0.573,870814,50172785.0,1.04,-0.86,-0.005,1.87
2023-02-27,0.571,0.572,0.578,0.569,921177,52734908.935,1.57,-0.35,-0.002,1.98
2023-02-28,0.573,0.576,0.577,0.57,1347725,77357320.459,1.22,0.7,0.004,2.9
2023-03-01,0.576,0.575,0.576,0.571,1296899,74404910.999,0.87,-0.17,-0.001,2.79
2023-03-02,0.574,0.568,0.576,0.568,1277137,72928987.4,1.39,-1.22,-0.007,2.75
2023-03-03,0.57,0.57,0.572,0.566,3492286,199153727.472,1.06,0.35,0.002,7.51
2023-03-06,0.571,0.577,0.579,0.565,2049609,117435711.344,2.46,1.23,0.007,4.41
2023-03-07,0.577,0.567,0.578,0.566,1877859,107338093.067,2.08,-1.73,-0.01,4.04
2023-03-08,0.565,0.565,0.57,0.562,1777978,100462129.397,1.41,-0.35,-0.002,3.83
2023-03-09,0.565,0.565,0.568,0.562,1099960,62139387.076,1.06,0.0,0.0,2.37
2023-03-10,0.563,0.563,0.567,0.559,3330538,187480403.912,1.42,-0.35,-0.002,7.17
2023-03-13,0.562,0.56,0.565,0.557,1460249,81827065.207,1.42,-0.53,-0.003,3.14
2023-03-14,0.56,0.556,0.561,0.547,2425201,134149411.904,2.5,-0.71,-0.004,5.22
2023-03-15,0.558,0.552,0.563,0.551,1856196,103374596.3,2.16,-0.72,-0.004,3.99
2023-03-16,0.55,0.543,0.553,0.541,2879469,157350608.736,2.17,-1.63,-0.009,6.2
2023-03-17,0.548,0.535,0.549,0.532,5275861,283821437.007,3.13,-1.47,-0.008,11.35
2023-03-20,0.535,0.534,0.54,0.528,3787511,202213690.048,2.24,-0.19,-0.001,8.15
2023-03-21,0.536,0.547,0.547,0.535,3508794,189839795.004,2.25,2.43,0.013,7.55
2023-03-22,0.55,0.546,0.552,0.544,4093964,224275116.184,1.46,-0.18,-0.001,8.81
2023-03-23,0.546,0.547,0.549,0.544,3012170,164791957.993,0.92,0.18,0.001,6.48
2023-03-24,0.549,0.547,0.55,0.544,2585574,141460188.742,1.1,0.0,0.0,5.56
2023-03-27,0.547,0.554,0.554,0.544,3592206,198089445.57,1.83,1.28,0.007,7.73
2023-03-28,0.554,0.553,0.555,0.551,2047153,113233049.678,0.72,-0.18,-0.001,4.4
2023-03-29,0.552,0.552,0.557,0.551,2059743,114135737.99,1.08,-0.18,-0.001,4.43
2023-03-30,0.552,0.556,0.556,0.55,2036509,112671857.642,1.09,0.72,0.004,4.38
2023-03-31,0.556,0.559,0.562,0.555,1982846,110783290.0,1.26,0.54,0.003,4.27
2023-04-03,0.559,0.559,0.561,0.555,2300736,128442755.944,1.07,0.0,0.0,4.95
2023-04-04,0.558,0.555,0.559,0.549,2387486,132030818.005,1.79,-0.72,-0.004,5.14
2023-04-06,0.552,0.556,0.556,0.55,1793302,99140963.736,1.08,0.18,0.001,3.86
2023-04-07,0.555,0.561,0.562,0.554,2194435,122848360.715,1.44,0.9,0.005,4.72
2023-04-10,0.562,0.566,0.567,0.56,2759238,155635177.714,1.25,0.89,0.005,5.94
2023-04-11,0.566,0.562,0.57,0.56,1856154,104767485.6,1.77,-0.71,-0.004,3.99
2023-04-12,0.562,0.557,0.563,0.556,2207115,123169137.9,1.25,-0.89,-0.005,4.75
2023-04-13,0.556,0.556,0.56,0.553,1563180,86948916.7,1.26,-0.18,-0.001,3.36
2023-04-14,0.556,0.564,0.564,0.556,2247352,126202555.1,1.44,1.44,0.008,4.84
2023-04-17,0.565,0.563,0.567,0.561,1483277,83639106.227,1.06,-0.18,-0.001,3.19
2023-04-18,0.562,0.565,0.567,0.562,1669503,94287473.03,0.89,0.36,0.002,3.59
2023-04-19,0.565,0.563,0.565,0.56,1267682,71327171.282,0.88,-0.35,-0.002,2.73
2023-04-20,0.561,0.555,0.562,0.552,1687749,93907805.165,1.78,-1.42,-0.008,3.63
2023-04-21,0.554,0.547,0.559,0.546,1956690,108215495.216,2.34,-1.44,-0.008,4.21
2023-04-24,0.547,0.54,0.549,0.536,1720277,93095834.721,2.38,-1.28,-0.007,3.7
2023-04-25,0.54,0.533,0.542,0.528,2079762,111057707.525,2.59,-1.3,-0.007,4.47
2023-04-26,0.531,0.546,0.548,0.53,3070310,166314830.529,3.38,2.44,0.013,6.61
2023-04-27,0.544,0.555,0.555,0.542,2152238,118147196.6,2.38,1.65,0.009,4.63
2023-04-28,0.553,0.55,0.554,0.546,2732223,150013603.182,1.44,-0.9,-0.005,5.88
2023-05-04,0.548,0.543,0.552,0.541,2026878,110504805.832,2.0,-1.27,-0.007,4.36
2023-05-05,0.541,0.535,0.543,0.532,1878572,100707546.054,2.03,-1.47,-0.008,4.04
2023-05-08,0.537,0.536,0.538,0.531,1914253,102361517.637,1.31,0.19,0.001,4.12
2023-05-09,0.536,0.527,0.536,0.526,2982297,158172564.362,1.87,-1.68,-0.009,6.42
2023-05-10,0.526,0.533,0.536,0.522,2376097,125569601.789,2.66,1.14,0.006,5.11
2023-05-11,0.533,0.536,0.542,0.532,1808819,97209087.469,1.88,0.56,0.003,3.89
2023-05-12,0.538,0.532,0.54,0.532,1411718,75660817.431,1.49,-0.75,-0.004,3.04
2023-05-15,0.533,0.545,0.546,0.533,3431209,185804884.206,2.44,2.44,0.013,7.38
2023-05-16,0.547,0.548,0.55,0.544,2060922,112753498.456,1.1,0.55,0.003,4.43
2023-05-17,0.547,0.547,0.55,0.543,2020466,110174821.848,1.28,-0.18,-0.001,4.35
2023-05-18,0.548,0.543,0.549,0.54,1830230,99714977.898,1.65,-0.73,-0.004,3.94
2023-05-19,0.542,0.546,0.55,0.54,3235353,176603292.211,1.84,0.55,0.003,6.96
2023-05-22,0.545,0.545,0.549,0.542,1776541,96844507.2,1.28,-0.18,-0.001,3.82
2023-05-23,0.545,0.538,0.547,0.536,1773563,96264250.4,2.02,-1.28,-0.007,3.82
2023-05-24,0.537,0.539,0.545,0.536,2289242,123673931.116,1.67,0.19,0.001,4.93
2023-05-25,0.539,0.541,0.544,0.537,2570550,139007600.6,1.3,0.37,0.002,5.53
2023-05-26,0.54,0.535,0.542,0.533,1920669,102941790.2,1.66,-1.11,-0.006,4.13
2023-05-29,0.537,0.53,0.539,0.528,3809719,202121227.551,2.06,-0.93,-0.005,8.2
2023-05-30,0.529,0.532,0.534,0.524,2100452,111112736.228,1.89,0.38,0.002,4.52
2023-05-31,0.532,0.527,0.532,0.524,1577434,83240339.7,1.5,-0.94,-0.005,3.39
2023-06-01,0.527,0.527,0.533,0.524,1803539,95415894.538,1.71,0.0,0.0,3.88
2023-06-02,0.528,0.532,0.535,0.528,1708227,90815395.14,1.33,0.95,0.005,3.68
2023-06-05,0.533,0.525,0.533,0.523,1666020,87527665.195,1.88,-1.32,-0.007,3.58
2023-06-06,0.523,0.516,0.524,0.515,1830353,95002814.883,1.71,-1.71,-0.009,3.94
2023-06-07,0.515,0.506,0.516,0.504,3059779,155490627.696,2.33,-1.94,-0.01,6.58
2023-06-08,0.505,0.505,0.509,0.503,1935354,97831157.55,1.19,-0.2,-0.001,4.16
2023-06-09,0.505,0.509,0.51,0.503,1681198,85121659.916,1.39,0.79,0.004,3.62
2023-06-12,0.509,0.512,0.515,0.508,1257878,64312210.616,1.38,0.59,0.003,2.71
2023-06-13,0.511,0.517,0.518,0.509,2302083,118411484.796,1.76,0.98,0.005,4.95
2023-06-14,0.517,0.521,0.523,0.516,2453406,127663422.458,1.35,0.77,0.004,5.28
2023-06-15,0.521,0.532,0.534,0.521,4025506,212376657.514,2.5,2.11,0.011,8.66
2023-06-16,0.533,0.548,0.548,0.532,4017766,217369380.953,3.01,3.01,0.016,8.64
2023-06-19,0.549,0.554,0.555,0.546,3244158,178745332.508,1.64,1.09,0.006,6.98
2023-06-20,0.554,0.557,0.559,0.551,2815024,156321762.893,1.44,0.54,0.003,6.06
2023-06-21,0.554,0.537,0.555,0.537,2663969,145300856.357,3.23,-3.59,-0.02,5.73
2023-06-26,0.531,0.525,0.537,0.524,3713763,196236656.41,2.42,-2.23,-0.012,7.99
2023-06-27,0.524,0.528,0.531,0.524,2112753,111462714.176,1.33,0.57,0.003,4.55
2023-06-28,0.526,0.522,0.527,0.515,1990333,103649946.2,2.27,-1.14,-0.006,4.28
2023-06-29,0.522,0.528,0.531,0.521,1452927,76554557.4,1.92,1.15,0.006,3.13
2023-06-30,0.525,0.535,0.537,0.523,3107395,165391293.5,2.65,1.33,0.007,6.69
2023-07-03,0.536,0.533,0.538,0.527,2922982,155456342.302,2.06,-0.37,-0.002,6.29
2023-07-04,0.534,0.53,0.534,0.527,2130418,112841440.84,1.31,-0.56,-0.003,4.58
2023-07-05,0.529,0.52,0.53,0.52,1599405,83837883.292,1.89,-1.89,-0.01,3.44
2023-07-06,0.518,0.518,0.526,0.518,1395166,72723838.2,1.54,-0.38,-0.002,3.0
2023-07-07,0.516,0.514,0.518,0.51,2023518,104062566.2,1.54,-0.77,-0.004,4.35
2023-07-10,0.515,0.517,0.519,0.513,1718870,88704172.95,1.17,0.58,0.003,3.7
2023-07-11,0.517,0.518,0.519,0.515,1746259,90254729.4,0.77,0.19,0.001,3.76
2023-07-12,0.518,0.509,0.519,0.507,2336075,119658008.2,2.32,-1.74,-0.009,5.03
2023-07-13,0.512,0.518,0.519,0.511,2354220,121250973.697,1.57,1.77,0.009,5.07
2023-07-14,0.519,0.517,0.521,0.517,1586018,82248243.477,0.77,-0.19,-0.001,3.41
2023-07-17,0.517,0.515,0.519,0.513,1198319,61823429.9,1.16,-0.39,-0.002,2.58
2023-07-18,0.515,0.51,0.517,0.509,1616040,82755841.6,1.55,-0.97,-0.005,3.48
2023-07-19,0.511,0.505,0.512,0.503,2098895,106289114.9,1.76,-0.98,-0.005,4.52
2023-07-20,0.506,0.495,0.507,0.493,3514346,175808846.5,2.77,-1.98,-0.01,7.56
2023-07-21,0.493,0.494,0.496,0.49,2523646,124509702.572,1.21,-0.2,-0.001,5.43
2023-07-24,0.492,0.49,0.497,0.489,2527774,124287442.788,1.62,-0.81,-0.004,5.44
2023-07-25,0.496,0.499,0.501,0.494,2930876,145752108.422,1.43,1.84,0.009,6.31
2023-07-26,0.498,0.495,0.498,0.493,2056063,101852179.69,1.0,-0.8,-0.004,4.42
2023-07-27,0.496,0.49,0.497,0.49,2681698,132249604.3,1.41,-1.01,-0.005,5.77
2023-07-28,0.488,0.496,0.496,0.487,2884026,142064397.05,1.84,1.22,0.006,6.21
2023-07-31,0.497,0.5,0.502,0.495,3699024,184531551.524,1.41,0.81,0.004,7.96
2023-08-01,0.499,0.496,0.5,0.494,2816356,140175092.4,1.2,-0.8,-0.004,6.06
2023-08-02,0.495,0.493,0.496,0.492,1522255,75215041.7,0.81,-0.6,-0.003,3.28
2023-08-03,0.493,0.496,0.498,0.492,1496006,74100376.3,1.22,0.61,0.003,3.22
2023-08-04,0.497,0.506,0.508,0.497,4335346,218228849.0,2.22,2.02,0.01,9.33
2023-08-07,0.506,0.504,0.507,0.502,1696605,85602415.6,0.99,-0.4,-0.002,3.65
2023-08-08,0.505,0.501,0.506,0.5,1908198,96078877.4,1.19,-0.6,-0.003,4.11
2023-08-09,0.499,0.497,0.501,0.495,1994114,99304761.137,1.2,-0.8,-0.004,4.29
2023-08-10,0.496,0.497,0.5,0.494,1477075,73443732.2,1.21,0.0,0.0,3.18
2023-08-11,0.497,0.488,0.499,0.487,2767311,136205796.1,2.41,-1.81,-0.009,5.95
2023-08-14,0.484,0.488,0.489,0.48,2468085,119331734.6,1.84,0.0,0.0,5.31
2023-08-15,0.488,0.483,0.491,0.479,1997398,96637411.7,2.46,-1.02,-0.005,4.3
2023-08-16,0.482,0.477,0.483,0.476,2011144,96374143.3,1.45,-1.24,-0.006,4.33
2023-08-17,0.475,0.481,0.482,0.472,1809937,86422163.3,2.1,0.84,0.004,3.89
2023-08-18,0.48,0.472,0.483,0.472,1891250,90364934.6,2.29,-1.87,-0.009,4.07
2023-08-21,0.472,0.464,0.472,0.464,2151964,100660676.52,1.69,-1.69,-0.008,4.63
2023-08-22,0.467,0.469,0.47,0.459,2731815,126916783.42,2.37,1.08,0.005,5.88
2023-08-23,0.466,0.457,0.468,0.456,1929526,88989931.2,2.56,-2.56,-0.012,4.15
2023-08-24,0.46,0.465,0.471,0.46,2499320,116242829.596,2.41,1.75,0.008,5.38
2023-08-25,0.463,0.455,0.463,0.453,2907506,133001047.81,2.15,-2.15,-0.01,6.26
2023-08-28,0.485,0.46,0.487,0.458,4218603,198121459.248,6.37,1.1,0.005,9.08
2023-08-29,0.459,0.474,0.478,0.458,3470272,163152898.694,4.35,3.04,0.014,7.47
2023-08-30,0.475,0.475,0.48,0.472,2233935,106304563.016,1.69,0.21,0.001,4.81
2023-08-31,0.475,0.473,0.476,0.471,1370494,64833067.017,1.05,-0.42,-0.002,2.95
2023-09-01,0.472,0.47,0.475,0.467,1506344,70830676.8,1.69,-0.63,-0.003,3.24
2023-09-04,0.472,0.472,0.473,0.465,1791691,84134900.7,1.7,0.43,0.002,3.85
2023-09-05,0.472,0.468,0.472,0.466,1443404,67651404.751,1.27,-0.85,-0.004,3.11
2023-09-06,0.466,0.464,0.467,0.462,1265117,58655803.0,1.07,-0.85,-0.004,2.72
2023-09-07,0.465,0.454,0.465,0.454,2264387,103516050.198,2.37,-2.16,-0.01,4.87
2023-09-08,0.452,0.448,0.453,0.446,2767078,124060994.462,1.54,-1.32,-0.006,5.95
2023-09-11,0.449,0.453,0.457,0.447,3328016,150222972.782,2.23,1.12,0.005,7.16
2023-09-12,0.452,0.45,0.453,0.449,1417423,63885145.065,0.88,-0.66,-0.003,3.05
2023-09-13,0.45,0.443,0.45,0.441,3190969,141491755.949,2.0,-1.56,-0.007,6.87
2023-09-14,0.443,0.439,0.444,0.438,1377898,60751874.7,1.35,-0.9,-0.004,2.96
2023-09-15,0.44,0.437,0.442,0.435,1962635,86039932.9,1.59,-0.46,-0.002,4.22
2023-09-18,0.436,0.435,0.441,0.435,2203874,96435711.991,1.37,-0.46,-0.002,4.74
2023-09-19,0.436,0.433,0.437,0.43,1507723,65249622.9,1.61,-0.46,-0.002,3.24
2023-09-20,0.432,0.429,0.434,0.429,1445245,62259470.484,1.15,-0.92,-0.004,3.11
2023-09-21,0.427,0.426,0.43,0.425,1658202,70842640.916,1.17,-0.7,-0.003,3.57
2023-09-22,0.425,0.438,0.44,0.425,3010959,130365065.046,3.52,2.82,0.012,6.48
2023-09-25,0.436,0.437,0.44,0.436,1079222,47253225.552,0.91,-0.23,-0.001,2.32
2023-09-26,0.436,0.437,0.443,0.436,1506994,66173324.324,1.6,0.0,0.0,3.24
2023-09-27,0.437,0.44,0.445,0.437,1514596,66853492.8,1.83,0.69,0.003,3.26
2023-09-28,0.441,0.441,0.445,0.438,1247220,54999158.8,1.59,0.23,0.001,2.68
2023-10-09,0.44,0.438,0.441,0.435,1632159,71440649.056,1.36,-0.68,-0.003,3.51
2023-10-10,0.438,0.436,0.442,0.435,1209643,52996153.198,1.6,-0.46,-0.002,2.6
2023-10-11,0.437,0.439,0.442,0.437,1481947,65139701.36,1.15,0.69,0.003,3.19
2023-10-12,0.442,0.439,0.443,0.436,1657740,72720183.346,1.59,0.0,0.0,3.57
2023-10-13,0.436,0.431,0.437,0.429,2128839,92052195.959,1.82,-1.82,-0.008,4.58
2023-10-16,0.43,0.424,0.431,0.422,1947760,83031625.3,2.09,-1.62,-0.007,4.19
2023-10-17,0.425,0.425,0.427,0.422,1359828,57694792.4,1.18,0.24,0.001,2.93
2023-10-18,0.423,0.419,0.424,0.416,2010927,84209276.778,1.88,-1.41,-0.006,4.33
2023-10-19,0.415,0.414,0.419,0.412,1916243,79625581.194,1.67,-1.19,-0.005,4.12
2023-10-20,0.412,0.408,0.415,0.407,2079529,85390989.96,1.93,-1.45,-0.006,4.47
2023-10-23,0.406,0.4,0.408,0.398,2809995,112788985.35,2.45,-1.96,-0.008,6.05
2023-10-24,0.401,0.405,0.408,0.401,2985616,120464111.007,1.75,1.25,0.005,6.42
2023-10-25,0.407,0.399,0.407,0.398,3093398,124383801.166,2.22,-1.48,-0.006,6.66
2023-10-26,0.396,0.401,0.402,0.394,2953042,117155311.89,2.01,0.5,0.002,6.35
2023-10-27,0.4,0.409,0.411,0.398,6161746,250161244.741,3.24,2.0,0.008,13.26
2023-10-30,0.409,0.42,0.421,0.409,4076284,169695833.626,2.93,2.69,0.011,8.77
2023-10-31,0.418,0.415,0.419,0.413,2687294,111609978.138,1.43,-1.19,-0.005,5.78
2023-11-01,0.416,0.412,0.417,0.411,1312371,54239034.846,1.45,-0.72,-0.003,2.82
2023-11-02,0.413,0.407,0.415,0.407,2415286,99261536.501,1.94,-1.21,-0.005,5.2
2023-11-03,0.408,0.416,0.418,0.408,2086076,86503460.634,2.46,2.21,0.009,4.49
2023-11-06,0.42,0.43,0.431,0.419,4097512,174701284.083,2.88,3.37,0.014,8.82
2023-11-07,0.429,0.431,0.435,0.425,2860373,122728592.703,2.33,0.23,0.001,6.15
2023-11-08,0.431,0.431,0.435,0.428,3842399,165641360.357,1.62,0.0,0.0,8.27
2023-11-09,0.431,0.431,0.435,0.429,1850695,79917318.92,1.39,0.0,0.0,3.98
2023-11-10,0.429,0.427,0.43,0.426,2021761,86537039.013,0.93,-0.93,-0.004,4.35
2023-11-13,0.429,0.429,0.432,0.427,2203991,94788582.278,1.17,0.47,0.002,4.74
2023-11-14,0.43,0.43,0.434,0.427,2086945,89720826.694,1.63,0.23,0.001,4.49
2023-11-15,0.435,0.432,0.436,0.43,2591374,111992829.317,1.4,0.47,0.002,5.58
2023-11-16,0.431,0.424,0.432,0.423,2223428,94809111.8,2.08,-1.85,-0.008,4.78
2023-11-17,0.422,0.427,0.428,0.421,2404139,102068494.5,1.65,0.71,0.003,5.17
2023-11-20,0.427,0.429,0.43,0.423,1659314,70793777.7,1.64,0.47,0.002,3.57
2023-11-21,0.429,0.426,0.433,0.425,2213773,95043869.134,1.86,-0.7,-0.003,4.76
2023-11-22,0.425,0.417,0.425,0.417,2827782,118830742.545,1.88,-2.11,-0.009,6.08
2023-11-23,0.415,0.421,0.421,0.415,1836545,76751459.41,1.44,0.96,0.004,3.95
2023-11-24,0.42,0.413,0.42,0.413,2129215,88386124.075,1.66,-1.9,-0.008,4.58
2023-11-27,0.413,0.415,0.416,0.412,1934427,80067103.867,0.97,0.48,0.002,4.16
2023-11-28,0.414,0.415,0.416,0.412,1813773,75095775.832,0.96,0.0,0.0,3.9
2023-11-29,0.415,0.414,0.418,0.413,1346888,55891796.032,1.2,-0.24,-0.001,2.9
2023-11-30,0.413,0.415,0.417,0.411,1221702,50613479.31,1.45,0.24,0.001,2.63
2023-12-01,0.416,0.422,0.423,0.413,1864412,77981662.097,2.41,1.69,0.007,4.01
2023-12-04,0.42,0.418,0.423,0.418,1322617,55617275.318,1.18,-0.95,-0.004,2.85
2023-12-05,0.417,0.41,0.417,0.409,1504472,62236778.673,1.91,-1.91,-0.008,3.24
2023-12-06,0.409,0.409,0.414,0.408,2852184,117059458.131,1.46,-0.24,-0.001,6.14
2023-12-07,0.41,0.411,0.413,0.407,1604678,65861574.43,1.47,0.49,0.002,3.45
2023-12-08,0.412,0.42,0.424,0.411,6439513,270031836.905,3.16,2.19,0.009,13.85
2023-12-11,0.417,0.427,0.428,0.415,5121751,217613029.327,3.1,1.67,0.007,11.02
2023-12-12,0.427,0.426,0.429,0.425,3991691,170491329.996,0.94,-0.23,-0.001,8.59
2023-12-13,0.426,0.422,0.428,0.421,4938687,209644195.621,1.64,-0.94,-0.004,10.63
2023-12-14,0.425,0.419,0.427,0.418,2322930,97925561.233,2.13,-0.71,-0.003,5.0
2023-12-15,0.42,0.412,0.422,0.411,2626359,109078755.163,2.63,-1.67,-0.007,5.65
2023-12-18,0.41,0.41,0.414,0.408,1959884,80554535.54,1.46,-0.49,-0.002,4.22
2023-12-19,0.411,0.411,0.413,0.407,1471132,60236919.5,1.46,0.24,0.001,3.17
2023-12-20,0.412,0.404,0.412,0.404,1517585,61898278.735,1.95,-1.7,-0.007,3.27
2023-12-21,0.402,0.409,0.412,0.401,1864430,75740594.119,2.72,1.24,0.005,4.01
2023-12-22,0.408,0.403,0.411,0.402,2143645,87158349.988,2.2,-1.47,-0.006,4.61
2023-12-25,0.404,0.406,0.407,0.402,850568,34409256.478,1.24,0.74,0.003,1.83
2023-12-26,0.407,0.4,0.407,0.398,1939454,77609408.456,2.22,-1.48,-0.006,4.17
2023-12-27,0.401,0.404,0.405,0.4,1453329,58594600.4,1.25,1.0,0.004,3.13
2023-12-28,0.404,0.412,0.414,0.402,3514503,143826659.058,2.97,1.98,0.008,7.56
2023-12-29,0.412,0.418,0.419,0.412,3689769,153553416.413,1.7,1.46,0.006,7.94
2024-01-02,0.418,0.41,0.418,0.41,2541856,104834348.704,1.91,-1.91,-0.008,5.47
2024-01-03,0.408,0.404,0.41,0.401,3149189,127523501.426,2.2,-1.46,-0.006,6.78
2024-01-04,0.403,0.398,0.403,0.396,3328409,132570961.292,1.73,-1.49,-0.006,7.16
2024-01-05,0.397,0.39,0.399,0.388,4335990,170570031.757,2.76,-2.01,-0.008,9.33
2024-01-08,0.389,0.384,0.39,0.383,2873735,111062714.896,1.79,-1.54,-0.006,6.18
2024-01-09,0.385,0.384,0.389,0.382,2475938,95625083.511,1.82,0.0,0.0,5.33
2024-01-10,0.383,0.38,0.386,0.378,2157225,82430643.9,2.08,-1.04,-0.004,4.64
2024-01-11,0.379,0.386,0.388,0.379,2852055,109502087.112,2.37,1.58,0.006,6.14
2024-01-12,0.385,0.381,0.386,0.381,1760979,67551290.991,1.3,-1.3,-0.005,3.79
2024-01-15,0.379,0.381,0.385,0.378,1972159,75081938.84,1.84,0.0,0.0,4.24
2024-01-16,0.38,0.38,0.38,0.374,2456689,92707772.061,1.57,-0.26,-0.001,5.29
2024-01-17,0.379,0.37,0.38,0.37,1704422,64035375.875,2.63,-2.63,-0.01,3.67
2024-01-18,0.369,0.379,0.38,0.365,3997547,148357374.562,4.05,2.43,0.009,8.6
2024-01-19,0.378,0.375,0.382,0.375,2189922,82800206.95,1.85,-1.06,-0.004,4.71
2024-01-22,0.375,0.364,0.377,0.362,2118731,78462110.69,4.0,-2.93,-0.011,4.56
2024-01-23,0.362,0.369,0.373,0.362,3035493,111959373.984,3.02,1.37,0.005,6.53
2024-01-24,0.371,0.373,0.374,0.361,2345610,86268331.3,3.52,1.08,0.004,5.05
2024-01-25,0.372,0.378,0.379,0.368,4066199,151905244.02,2.95,1.34,0.005,8.75
2024-01-26,0.377,0.371,0.377,0.37,2893084,108125451.756,1.85,-1.85,-0.007,6.22
2024-01-29,0.372,0.355,0.372,0.355,4802338,173337539.771,4.58,-4.31,-0.016,10.33
2024-01-30,0.353,0.347,0.358,0.346,2651877,93343075.263,3.38,-2.25,-0.008,5.71
2024-01-31,0.345,0.342,0.349,0.342,2729765,94211597.445,2.02,-1.44,-0.005,5.87
2024-02-01,0.34,0.348,0.355,0.34,3770266,131494772.21,4.39,1.75,0.006,8.11
2024-02-02,0.348,0.341,0.352,0.331,3421963,117533080.384,6.03,-2.01,-0.007,7.36
2024-02-05,0.337,0.344,0.352,0.326,3992703,135540062.66,7.62,0.88,0.003,8.59
2024-02-06,0.34,0.368,0.368,0.338,4888917,174629816.754,8.72,6.98,0.024,10.52
2024-02-07,0.368,0.376,0.379,0.366,4092892,153439267.778,3.53,2.17,0.008,8.81
2024-02-08,0.379,0.381,0.392,0.378,4181163,160649290.503,3.72,1.33,0.005,9.0
2024-02-19,0.388,0.397,0.397,0.384,4454652,173719945.0,3.41,4.2,0.016,9.58
2024-02-20,0.397,0.395,0.397,0.39,2368397,93256378.78,1.76,-0.5,-0.002,5.1
2024-02-21,0.391,0.391,0.4,0.389,4676597,184141145.752,2.78,-1.01,-0.004,10.06
2024-02-22,0.393,0.395,0.397,0.391,3348920,131977732.764,1.53,1.02,0.004,7.21
2024-02-23,0.397,0.395,0.399,0.39,2701187,106536617.505,2.28,0.0,0.0,5.81
2024-02-26,0.393,0.395,0.399,0.39,2827885,111432720.715,2.28,0.0,0.0,6.08
2024-02-27,0.394,0.409,0.409,0.392,4535524,182137611.177,4.3,3.54,0.014,9.76
2024-02-28,0.409,0.393,0.415,0.393,4447738,180858426.207,5.38,-3.91,-0.016,9.57
2024-02-29,0.391,0.411,0.411,0.391,4545341,183000804.672,5.09,4.58,0.018,9.78
2024-03-01,0.409,0.415,0.417,0.407,4161324,171884786.208,2.43,0.97,0.004,8.95
2024-03-04,0.416,0.422,0.424,0.415,4252020,178742248.144,2.17,1.69,0.007,9.15
2024-03-05,0.418,0.422,0.428,0.416,3681215,155985692.275,2.84,0.0,0.0,7.92
2024-03-06,0.42,0.421,0.426,0.415,3362682,140846003.165,2.61,-0.24,-0.001,7.23
2024-03-07,0.42,0.414,0.425,0.412,4019036,167352181.291,3.09,-1.66,-0.007,8.65
2024-03-08,0.413,0.42,0.423,0.411,3437937,143089608.748,2.9,1.45,0.006,7.4
2024-03-11,0.42,0.432,0.432,0.416,4764998,202777899.73,3.81,2.86,0.012,10.25
2024-03-12,0.432,0.43,0.435,0.427,5152522,221835048.606,1.85,-0.46,-0.002,11.09
2024-03-13,0.433,0.43,0.435,0.429,3462181,149740797.43,1.4,0.0,0.0,7.45
2024-03-14,0.429,0.428,0.433,0.425,8219281,352002638.298,1.86,-0.47,-0.002,17.68
2024-03-15,0.426,0.434,0.435,0.423,4367201,187068612.532,2.8,1.4,0.006,9.4
2024-03-18,0.436,0.441,0.442,0.435,3702561,162684953.206,1.61,1.61,0.007,7.97
2024-03-19,0.439,0.436,0.441,0.436,2407433,105605833.121,1.13,-1.13,-0.005,5.18
2024-03-20,0.435,0.435,0.439,0.431,1772627,77003157.868,1.83,-0.23,-0.001,3.81
2024-03-21,0.434,0.432,0.437,0.432,1744310,75810357.795,1.15,-0.69,-0.003,3.75
2024-03-22,0.432,0.43,0.434,0.426,4630509,198776404.593,1.85,-0.46,-0.002,9.96
2024-03-25,0.428,0.421,0.432,0.42,9367473,401884532.779,2.79,-2.09,-0.009,20.15
2024-03-26,0.42,0.418,0.426,0.414,3162023,133200946.88,2.85,-0.71,-0.003,6.8
2024-03-27,0.416,0.405,0.419,0.405,3267057,134214868.7,3.35,-3.11,-0.013,7.03
2024-03-28,0.406,0.411,0.416,0.404,2165412,88738905.56,2.96,1.48,0.006,4.66
2024-03-29,0.41,0.414,0.414,0.407,2223348,91258855.187,1.7,0.73,0.003,4.78
2024-04-01,0.415,0.426,0.427,0.415,2449099,103374490.592,2.9,2.9,0.012,5.27
2024-04-02,0.426,0.422,0.426,0.418,2257230,95170832.27,1.88,-0.94,-0.004,4.86
2024-04-03,0.42,0.415,0.421,0.413,1639068,68214542.242,1.9,-1.66,-0.007,3.53
2024-04-08,0.413,0.41,0.418,0.41,1208311,49978164.875,1.93,-1.2,-0.005,2.6
2024-04-09,0.412,0.412,0.413,0.407,1380384,56526049.398,1.46,0.49,0.002,2.97
2024-04-10,0.411,0.402,0.411,0.4,1927596,77824120.6,2.67,-2.43,-0.01,4.15
2024-04-11,0.401,0.401,0.406,0.4,1609454,64859043.49,1.49,-0.25,-0.001,3.46
2024-04-12,0.402,0.403,0.41,0.401,2032699,82440750.699,2.24,0.5,0.002,4.37
2024-04-15,0.403,0.407,0.411,0.403,1997139,81459036.119,1.99,0.99,0.004,4.3
2024-04-16,0.405,0.4,0.406,0.399,2037315,81969597.695,1.72,-1.72,-0.007,4.38
2024-04-17,0.401,0.412,0.412,0.401,1808327,73808381.4,2.75,3.0,0.012,3.89
2024-04-18,0.41,0.409,0.415,0.403,1704067,69781020.8,2.91,-0.73,-0.003,3.67
2024-04-19,0.406,0.402,0.407,0.397,1974433,79230828.7,2.44,-1.71,-0.007,4.25
2024-04-22,0.399,0.397,0.4,0.39,1575668,62362227.072,2.49,-1.24,-0.005,3.39
2024-04-23,0.399,0.399,0.401,0.394,1575382,62710417.1,1.76,0.5,0.002,3.39
2024-04-24,0.399,0.407,0.407,0.397,1665731,67193869.7,2.51,2.01,0.008,3.58
2024-04-25,0.405,0.404,0.408,0.402,1557379,63080340.558,1.47,-0.74,-0.003,3.35
2024-04-26,0.405,0.421,0.422,0.405,4778479,199520735.439,4.21,4.21,0.017,10.28
2024-04-29,0.423,0.433,0.437,0.423,4943018,213153378.9,3.33,2.85,0.012,10.63
2024-04-30,0.434,0.427,0.436,0.427,3513225,151636144.832,2.08,-1.39,-0.006,7.56
2024-05-06,0.436,0.436,0.44,0.435,2358215,102934815.532,1.17,2.11,0.009,5.07
2024-05-07,0.437,0.433,0.439,0.431,2278169,99166235.694,1.83,-0.69,-0.003,4.9
2024-05-08,0.431,0.427,0.432,0.426,3113542,132955425.116,1.39,-1.39,-0.006,6.7
2024-05-09,0.426,0.43,0.431,0.425,4491828,192536321.8,1.41,0.7,0.003,9.66
2024-05-10,0.431,0.425,0.431,0.422,2678917,113906566.55,2.09,-1.16,-0.005,5.76
2024-05-13,0.421,0.422,0.427,0.42,3912017,165170794.696,1.65,-0.71,-0.003,8.42
2024-05-14,0.423,0.421,0.426,0.419,2051679,86461675.53,1.66,-0.24,-0.001,4.41
2024-05-15,0.42,0.418,0.425,0.418,1366399,57552079.7,1.66,-0.71,-0.003,2.94
2024-05-16,0.422,0.42,0.425,0.419,2530518,106797474.204,1.44,0.48,0.002,5.44
2024-05-17,0.419,0.422,0.422,0.415,2775521,115861853.862,1.67,0.48,0.002,5.97
2024-05-20,0.42,0.424,0.426,0.419,1983438,83963073.116,1.66,0.47,0.002,4.27
2024-05-21,0.423,0.422,0.425,0.42,1208963,51045992.8,1.18,-0.47,-0.002,2.6
2024-05-22,0.422,0.423,0.424,0.418,1517939,63924280.382,1.42,0.24,0.001,3.27
2024-05-23,0.423,0.419,0.425,0.417,3757144,157350312.06,1.89,-0.95,-0.004,8.08
2024-05-24,0.416,0.409,0.422,0.408,2709229,112189379.224,3.34,-2.39,-0.01,5.83
2024-05-27,0.41,0.414,0.414,0.407,1356963,55712008.279,1.71,1.22,0.005,2.92
2024-05-28,0.413,0.407,0.413,0.407,1406622,57501969.778,1.45,-1.69,-0.007,3.03
2024-05-29,0.407,0.408,0.412,0.407,919681,37656959.192,1.23,0.25,0.001,1.98
2024-05-30,0.408,0.409,0.411,0.405,921391,37659933.3,1.47,0.25,0.001,1.98
2024-05-31,0.409,0.407,0.413,0.406,1794895,73529200.98,1.71,-0.49,-0.002,3.86
2024-06-03,0.407,0.412,0.416,0.406,2566450,105892572.4,2.46,1.23,0.005,5.52
2024-06-04,0.411,0.417,0.418,0.411,1800507,74833082.335,1.7,1.21,0.005,3.87
2024-06-05,0.418,0.415,0.42,0.414,1398858,58365167.9,1.44,-0.48,-0.002,3.01
2024-06-06,0.416,0.414,0.421,0.412,1973654,82203265.048,2.17,-0.24,-0.001,4.25
2024-06-07,0.415,0.406,0.415,0.402,3594436,145490652.8,3.14,-1.93,-0.008,7.73
2024-06-11,0.403,0.409,0.41,0.402,1437973,58296792.2,1.97,0.74,0.003,3.09
2024-06-12,0.409,0.407,0.41,0.406,887110,36167485.8,0.98,-0.49,-0.002,1.91
2024-06-13,0.409,0.412,0.415,0.408,1828260,75211740.2,1.72,1.23,0.005,3.93
2024-06-14,0.411,0.42,0.422,0.409,3171544,132160974.5,3.16,1.94,0.008,6.82
2024-06-17,0.42,0.424,0.425,0.418,1431892,60544320.086,1.67,0.95,0.004,3.08
2024-06-18,0.424,0.427,0.432,0.422,2507974,107264207.675,2.36,0.71,0.003,5.4
2024-06-19,0.429,0.423,0.43,0.422,1551435,65864081.805,1.87,-0.94,-0.004,3.34
2024-06-20,0.423,0.417,0.425,0.417,1572777,65999517.463,1.89,-1.42,-0.006,3.38
2024-06-21,0.415,0.417,0.418,0.413,1193058,49564106.7,1.2,0.0,0.0,2.57
2024-06-24,0.414,0.409,0.418,0.409,1250508,51624392.0,2.16,-1.92,-0.008,2.69
2024-06-25,0.408,0.401,0.409,0.398,2191814,88213074.2,2.69,-1.96,-0.008,4.72
2024-06-26,0.402,0.409,0.41,0.401,1420506,57644574.455,2.24,2.0,0.008,3.06
2024-06-27,0.407,0.402,0.408,0.401,1171491,47310975.4,1.71,-1.71,-0.007,2.52
2024-06-28,0.401,0.402,0.409,0.4,1244394,50329120.608,2.24,0.0,0.0,2.68
2024-07-01,0.401,0.405,0.408,0.397,1461878,58782186.67,2.74,0.75,0.003,3.15
2024-07-02,0.406,0.403,0.407,0.401,1187725,47850447.6,1.48,-0.49,-0.002,2.56
2024-07-03,0.403,0.398,0.403,0.396,1710815,68280588.586,1.74,-1.24,-0.005,3.68
2024-07-04,0.4,0.397,0.404,0.397,1261462,50456000.138,1.76,-0.25,-0.001,2.71
2024-07-05,0.398,0.398,0.4,0.391,1547016,61079810.947,2.27,0.25,0.001,3.33
2024-07-08,0.397,0.396,0.4,0.394,1241027,49252952.9,1.51,-0.5,-0.002,2.67
2024-07-09,0.395,0.405,0.407,0.393,1918437,76883187.804,3.54,2.27,0.009,4.13
2024-07-10,0.404,0.407,0.409,0.403,1125574,45745708.881,1.48,0.49,0.002,2.42
2024-07-11,0.412,0.411,0.413,0.405,2173456,88999011.6,1.97,0.98,0.004,4.68
2024-07-12,0.408,0.407,0.41,0.403,1376714,55955946.972,1.7,-0.97,-0.004,2.96
2024-07-15,0.405,0.405,0.407,0.403,1106013,44810210.2,0.98,-0.49,-0.002,2.38
2024-07-16,0.404,0.41,0.411,0.403,1717187,69988743.1,1.98,1.23,0.005,3.69
2024-07-17,0.408,0.405,0.41,0.403,1250899,50802420.6,1.71,-1.22,-0.005,2.69
2024-07-18,0.402,0.407,0.409,0.398,1743021,70200273.4,2.72,0.49,0.002,3.75
2024-07-19,0.405,0.407,0.409,0.404,2459546,100060444.729,1.23,0.0,0.0,5.29
2024-07-22,0.406,0.407,0.409,0.404,996113,40475222.125,1.23,0.0,0.0,2.14
2024-07-23,0.408,0.394,0.408,0.394,2405794,95937187.9,3.44,-3.19,-0.013,5.18
2024-07-24,0.392,0.388,0.398,0.387,1668980,65259886.633,2.79,-1.52,-0.006,3.59
2024-07-25,0.387,0.38,0.387,0.379,1928590,73638114.7,2.06,-2.06,-0.008,4.15
2024-07-26,0.381,0.385,0.387,0.38,1700881,65261282.23,1.84,1.32,0.005,3.66
2024-07-29,0.384,0.382,0.387,0.38,985860,37742704.568,1.82,-0.78,-0.003,2.12
2024-07-30,0.382,0.379,0.382,0.376,1289905,48828071.385,1.57,-0.79,-0.003,2.78
2024-07-31,0.38,0.391,0.392,0.378,2023301,78071866.5,3.69,3.17,0.012,4.35
2024-08-01,0.394,0.387,0.395,0.387,1699889,66507346.2,2.05,-1.02,-0.004,3.66
2024-08-02,0.385,0.376,0.386,0.376,2467331,93804170.704,2.58,-2.84,-0.011,5.31
2024-08-05,0.371,0.364,0.378,0.364,2343521,86818970.866,3.72,-3.19,-0.012,5.04
2024-08-06,0.37,0.371,0.374,0.367,1356131,50294506.831,1.92,1.92,0.007,2.92
2024-08-07,0.37,0.37,0.373,0.368,3827676,142056389.8,1.35,-0.27,-0.001,8.24
2024-08-08,0.368,0.368,0.372,0.365,1092191,40166572.9,1.89,-0.54,-0.002,2.35
2024-08-09,0.371,0.367,0.374,0.367,944012,34977412.2,1.9,-0.27,-0.001,2.03
2024-08-12,0.368,0.367,0.371,0.366,1021431,37634477.1,1.36,0.0,0.0,2.2
2024-08-13,0.369,0.369,0.37,0.366,863931,31793206.0,1.09,0.54,0.002,1.86
2024-08-14,0.371,0.365,0.372,0.365,777855,28527718.9,1.9,-1.08,-0.004,1.67
2024-08-15,0.365,0.365,0.37,0.363,1541519,56491630.486,1.92,0.0,0.0,3.32
2024-08-16,0.368,0.368,0.372,0.366,1289717,47594999.9,1.64,0.82,0.003,2.77
2024-08-19,0.369,0.37,0.373,0.368,767678,28448716.3,1.36,0.54,0.002,1.65
2024-08-20,0.372,0.364,0.372,0.364,1114331,40794309.2,2.16,-1.62,-0.006,2.4
2024-08-21,0.364,0.363,0.367,0.363,676500,24637935.6,1.1,-0.27,-0.001,1.46
2024-08-22,0.364,0.362,0.365,0.36,1242398,44964263.8,1.38,-0.28,-0.001,2.67
2024-08-23,0.361,0.362,0.363,0.358,932904,33637412.422,1.38,0.0,0.0,2.01
2024-08-26,0.364,0.358,0.364,0.357,1012752,36410006.8,1.93,-1.1,-0.004,2.18
2024-08-27,0.357,0.355,0.358,0.354,969686,34535492.908,1.12,-0.84,-0.003,2.09
2024-08-28,0.355,0.355,0.359,0.353,4209967,149261510.253,1.69,0.0,0.0,9.06
2024-08-29,0.353,0.354,0.357,0.347,1827437,64246900.3,2.82,-0.28,-0.001,3.93
2024-08-30,0.355,0.364,0.369,0.355,2902347,105843718.1,3.95,2.82,0.01,6.24
2024-09-02,0.364,0.353,0.365,0.353,2593382,92484592.522,3.3,-3.02,-0.011,5.58
2024-09-03,0.354,0.356,0.358,0.352,4187491,149015872.293,1.7,0.85,0.003,9.01
2024-09-04,0.353,0.354,0.358,0.349,3827304,135471037.058,2.53,-0.56,-0.002,8.23
2024-09-05,0.354,0.357,0.36,0.354,1747578,62250853.891,1.69,0.85,0.003,3.76
2024-09-06,0.357,0.35,0.357,0.349,1717345,60421902.202,2.24,-1.96,-0.007,3.69
2024-09-09,0.348,0.351,0.352,0.347,1912036,66868961.8,1.43,0.29,0.001,4.11
2024-09-10,0.353,0.354,0.357,0.349,2000731,70677335.6,2.28,0.85,0.003,4.3
2024-09-11,0.354,0.356,0.357,0.353,1272496,45299960.67,1.13,0.56,0.002,2.74
2024-09-12,0.36,0.354,0.362,0.354,1337396,47836214.49,2.25,-0.56,-0.002,2.88
2024-09-13,0.356,0.358,0.361,0.354,2291117,82101380.084,1.98,1.13,0.004,4.93
2024-09-18,0.356,0.354,0.357,0.352,1155565,40937715.0,1.4,-1.12,-0.004,2.49
2024-09-19,0.357,0.352,0.358,0.347,2572898,90584875.3,3.11,-0.56,-0.002,5.54
2024-09-20,0.353,0.351,0.354,0.348,1983663,69478198.4,1.7,-0.28,-0.001,4.27
2024-09-23,0.351,0.348,0.355,0.347,1597189,56005140.6,2.28,-0.85,-0.003,3.44
2024-09-24,0.351,0.367,0.368,0.348,4956886,178240194.635,5.75,5.46,0.019,10.66
2024-09-25,0.372,0.369,0.379,0.369,9733296,363168484.32,2.72,0.54,0.002,20.94
2024-09-26,0.369,0.383,0.384,0.365,3860408,144306121.106,5.15,3.79,0.014,8.31
2024-09-27,0.389,0.411,0.42,0.386,8134032,327328599.444,8.88,7.31,0.028,17.5
2024-09-30,0.43,0.478,0.486,0.418,15775833,717774784.243,16.55,16.3,0.067,33.94
2024-10-08,0.574,0.574,0.574,0.504,34712631,1905528458.769,14.64,20.08,0.096,74.68
2024-10-09,0.558,0.497,0.558,0.491,24180370,1253402804.278,11.67,-13.41,-0.077,52.02
2024-10-10,0.496,0.488,0.51,0.477,13321208,659689605.755,6.64,-1.81,-0.009,28.66
2024-10-11,0.479,0.47,0.484,0.461,11659300,550732680.076,4.71,-3.69,-0.018,25.09
2024-10-14,0.47,0.484,0.485,0.459,8404226,397131509.41,5.53,2.98,0.014,18.08
2024-10-15,0.481,0.47,0.493,0.47,6932984,333318477.388,4.75,-2.89,-0.014,14.92
2024-10-16,0.46,0.456,0.467,0.453,6841635,314117034.361,2.98,-2.98,-0.014,14.72
2024-10-17,0.46,0.456,0.466,0.456,5185361,239340809.072,2.19,0.0,0.0,11.16
2024-10-18,0.457,0.493,0.512,0.456,12871757,619705396.752,12.28,8.11,0.037,27.69
2024-10-21,0.498,0.499,0.515,0.488,7915171,396147601.493,5.48,1.22,0.006,17.03
2024-10-22,0.498,0.502,0.504,0.491,5505376,274643711.836,2.61,0.6,0.003,11.84
2024-10-23,0.498,0.492,0.501,0.489,7102925,351265463.666,2.39,-1.99,-0.01,15.28
2024-10-24,0.489,0.49,0.498,0.486,5114914,251289755.17,2.44,-0.41,-0.002,11.0
2024-10-25,0.494,0.498,0.505,0.49,5892363,292578421.4,3.06,1.63,0.008,12.68
2024-10-28,0.496,0.493,0.497,0.485,6192582,303825175.95,2.41,-1.0,-0.005,13.32
2024-10-29,0.493,0.482,0.494,0.482,5919081,288562874.214,2.43,-2.23,-0.011,12.73
2024-10-30,0.48,0.48,0.486,0.474,4075891,195732198.038,2.49,-0.41,-0.002,8.77
2024-10-31,0.479,0.48,0.488,0.474,4760781,228891853.1,2.92,0.0,0.0,10.24
2024-11-01,0.475,0.466,0.477,0.465,5260352,247939771.53,2.5,-2.92,-0.014,11.32
2024-11-04,0.466,0.476,0.478,0.465,3807318,180482439.791,2.79,2.15,0.01,8.19
2024-11-05,0.476,0.492,0.493,0.473,6618748,322147562.968,4.2,3.36,0.016,14.24
2024-11-06,0.49,0.486,0.5,0.481,6574379,322609812.854,3.86,-1.22,-0.006,14.14
2024-11-07,0.481,0.495,0.496,0.478,6310839,308051395.356,3.7,1.85,0.009,13.58
2024-11-08,0.501,0.496,0.51,0.493,6829231,343922643.392,3.43,0.2,0.001,14.69
2024-11-11,0.492,0.504,0.505,0.49,7122887,355368461.998,3.02,1.61,0.008,15.32
2024-11-12,0.505,0.503,0.514,0.497,5878412,297822394.95,3.37,-0.2,-0.001,12.65
2024-11-13,0.499,0.512,0.513,0.497,4488728,226605191.325,3.18,1.79,0.009,9.66
2024-11-14,0.51,0.493,0.51,0.491,3690769,184894635.674,3.71,-3.71,-0.019,7.94
2024-11-15,0.491,0.474,0.496,0.474,4137660,200708668.44,4.46,-3.85,-0.019,8.9
2024-11-18,0.474,0.458,0.476,0.455,4765848,221389021.508,4.43,-3.38,-0.016,10.25
2024-11-19,0.461,0.471,0.473,0.456,4009225,186290252.133,3.71,2.84,0.013,8.63
2024-11-20,0.469,0.475,0.478,0.467,3038542,143857618.865,2.34,0.85,0.004,6.54
2024-11-21,0.473,0.471,0.475,0.466,2694222,126905600.778,1.89,-0.84,-0.004,5.8
2024-11-22,0.47,0.454,0.474,0.453,3100215,143508320.786,4.46,-3.61,-0.017,6.67
2024-11-25,0.453,0.448,0.457,0.441,3240858,145207184.853,3.52,-1.32,-0.006,6.97
2024-11-26,0.446,0.446,0.452,0.446,2144910,96321440.0,1.34,-0.45,-0.002,4.61
2024-11-27,0.445,0.456,0.456,0.438,3124260,139922992.109,4.04,2.24,0.01,6.72
2024-11-28,0.456,0.447,0.456,0.447,2450084,110307269.224,1.97,-1.97,-0.009,5.27
2024-11-29,0.447,0.456,0.463,0.446,4251774,193304651.6,3.8,2.01,0.009,9.15
2024-12-02,0.456,0.465,0.468,0.455,3697360,171307598.2,2.85,1.97,0.009,7.95
2024-12-03,0.467,0.463,0.467,0.458,2144483,99199633.368,1.94,-0.43,-0.002,4.61
2024-12-04,0.463,0.456,0.464,0.454,1854857,85085675.061,2.16,-1.51,-0.007,3.99
2024-12-05,0.455,0.459,0.464,0.455,1775534,81678208.648,1.97,0.66,0.003,3.82
2024-12-06,0.46,0.468,0.471,0.458,3193085,148478849.308,2.83,1.96,0.009,6.87
2024-12-09,0.467,0.461,0.467,0.457,3300625,152713387.4,2.14,-1.5,-0.007,7.1
2024-12-10,0.481,0.462,0.482,0.461,4721072,221596377.982,4.56,0.22,0.001,10.16
2024-12-11,0.461,0.468,0.47,0.46,3610215,168401606.437,2.16,1.3,0.006,7.77
2024-12-12,0.467,0.478,0.48,0.466,3661732,173874355.532,2.99,2.14,0.01,7.88
2024-12-13,0.475,0.469,0.478,0.469,3433783,162171504.859,1.88,-1.88,-0.009,7.39
2024-12-16,0.468,0.462,0.47,0.459,2290323,106034371.007,2.35,-1.49,-0.007,4.93
2024-12-17,0.461,0.461,0.471,0.459,2607561,121214232.6,2.6,-0.22,-0.001,5.61
2024-12-18,0.461,0.46,0.464,0.457,2099064,96422714.96,1.52,-0.22,-0.001,4.52
2024-12-19,0.457,0.466,0.467,0.454,2191878,101301187.585,2.83,1.3,0.006,4.72
2024-12-20,0.466,0.468,0.473,0.463,2369265,110867612.534,2.15,0.43,0.002,5.1
2024-12-23,0.466,0.462,0.469,0.461,2901167,135116121.714,1.71,-1.28,-0.006,6.24
2024-12-24,0.463,0.466,0.466,0.458,2440141,112747299.2,1.73,0.87,0.004,5.25
2024-12-25,0.466,0.463,0.468,0.46,1477164,68501589.6,1.72,-0.64,-0.003,3.18
2024-12-26,0.463,0.472,0.473,0.461,2994088,140586519.77,2.59,1.94,0.009,6.44
2024-12-27,0.472,0.469,0.476,0.467,2895904,136551190.8,1.91,-0.64,-0.003,6.23
2024-12-30,0.469,0.466,0.471,0.464,2329516,108714072.2,1.49,-0.64,-0.003,5.01
2024-12-31,0.466,0.451,0.466,0.45,3338947,152496508.0,3.43,-3.22,-0.015,7.18
2025-01-02,0.45,0.435,0.451,0.43,4120003,181885455.568,4.66,-3.55,-0.016,8.86
2025-01-03,0.435,0.429,0.438,0.427,2681370,116025476.746,2.53,-1.38,-0.006,5.77
2025-01-06,0.429,0.429,0.434,0.425,2617811,112476758.468,2.1,0.0,0.0,5.63
2025-01-07,0.427,0.437,0.438,0.424,2912042,125575225.6,3.26,1.86,0.008,6.27
2025-01-08,0.433,0.433,0.437,0.422,2455669,105547548.0,3.43,-0.92,-0.004,5.28
2025-01-09,0.431,0.434,0.437,0.43,1812313,78718632.7,1.62,0.23,0.001,3.9
2025-01-10,0.433,0.423,0.434,0.423,2206999,94639028.7,2.53,-2.53,-0.011,4.75
2025-01-13,0.419,0.421,0.427,0.418,2070313,87377327.684,2.13,-0.47,-0.002,4.45
2025-01-14,0.422,0.442,0.443,0.418,7853352,341899244.136,5.94,4.99,0.021,16.9
2025-01-15,0.442,0.434,0.442,0.431,3161461,137646825.9,2.49,-1.81,-0.008,6.8
2025-01-16,0.435,0.44,0.444,0.434,3851452,169271105.9,2.3,1.38,0.006,8.29
2025-01-17,0.436,0.444,0.448,0.436,3210553,142105657.304,2.73,0.91,0.004,6.91
2025-01-20,0.448,0.454,0.458,0.448,3186202,144636568.01,2.25,2.25,0.01,6.86
2025-01-21,0.46,0.459,0.462,0.454,3098383,141794712.4,1.76,1.1,0.005,6.67
2025-01-22,0.458,0.463,0.466,0.457,5563014,257060861.28,1.96,0.87,0.004,11.97
2025-01-23,0.466,0.458,0.473,0.457,4156902,193203048.706,3.46,-1.08,-0.005,8.94
2025-01-24,0.456,0.466,0.467,0.455,3067971,141857503.7,2.62,1.75,0.008,6.6
2025-01-27,0.464,0.45,0.465,0.449,2799367,127444884.3,3.43,-3.43,-0.016,6.02
2025-02-05,0.45,0.436,0.453,0.433,4566874,200078401.309,4.44,-3.11,-0.014,9.83
2025-02-06,0.436,0.448,0.449,0.435,5122058,226724873.685,3.21,2.75,0.012,11.02
2025-02-07,0.447,0.459,0.466,0.447,5351159,245536135.3,4.24,2.46,0.011,11.51
2025-02-10,0.461,0.462,0.464,0.456,2887523,132784004.91,1.74,0.65,0.003,6.21
2025-02-11,0.46,0.457,0.462,0.455,2281145,104601903.02,1.52,-1.08,-0.005,4.91
2025-02-12,0.455,0.465,0.465,0.454,2567502,118130497.678,2.41,1.75,0.008,5.52
2025-02-13,0.464,0.457,0.464,0.456,4412131,203311561.201,1.72,-1.72,-0.008,9.49
2025-02-14,0.457,0.46,0.462,0.455,2981919,136697289.4,1.53,0.66,0.003,6.42
2025-02-17,0.462,0.469,0.472,0.461,4135846,193113894.982,2.39,1.96,0.009,8.9
2025-02-18,0.469,0.461,0.472,0.458,3640699,169562942.706,2.99,-1.71,-0.008,7.83
2025-02-19,0.459,0.469,0.47,0.458,2447459,113915205.9,2.6,1.74,0.008,5.27
2025-02-20,0.468,0.47,0.471,0.464,2133422,99857762.052,1.49,0.21,0.001,4.59
2025-02-21,0.47,0.482,0.484,0.47,4325483,206887985.1,2.98,2.55,0.012,9.31
2025-02-24,0.48,0.478,0.482,0.473,2788535,133316905.9,1.87,-0.83,-0.004,6.0
2025-02-25,0.471,0.47,0.476,0.468,2052082,96562043.187,1.67,-1.67,-0.008,4.42
2025-02-26,0.47,0.475,0.475,0.466,2148803,101187469.955,1.91,1.06,0.005,4.62
2025-02-27,0.475,0.467,0.476,0.462,2654192,124382633.1,2.95,-1.68,-0.008,5.71
2025-02-28,0.462,0.446,0.464,0.445,4040330,183162116.316,4.07,-4.5,-0.021,8.69
2025-03-03,0.449,0.452,0.459,0.443,3236416,146307329.1,3.59,1.35,0.006,6.96
2025-03-04,0.445,0.453,0.453,0.443,2958270,132636521.881,2.21,0.22,0.001,6.36
2025-03-05,0.452,0.455,0.458,0.451,1474064,66944162.4,1.55,0.44,0.002,3.17
2025-03-06,0.457,0.462,0.465,0.456,2086514,96229560.8,1.98,1.54,0.007,4.49
2025-03-07,0.461,0.457,0.461,0.454,1617989,74103114.648,1.52,-1.08,-0.005,3.48
2025-03-10,0.457,0.456,0.461,0.452,1220220,55642730.4,1.97,-0.22,-0.001,2.63
2025-03-11,0.451,0.457,0.457,0.45,1544628,70115183.9,1.54,0.22,0.001,3.32
2025-03-12,0.458,0.456,0.461,0.455,1417918,64933469.7,1.31,-0.22,-0.001,3.05
2025-03-13,0.457,0.449,0.459,0.447,2496213,112748927.6,2.63,-1.54,-0.007,5.37
2025-03-14,0.448,0.462,0.463,0.448,7163184,328404599.287,3.34,2.9,0.013,15.41
2025-03-17,0.464,0.462,0.465,0.46,1718746,79414660.8,1.08,0.0,0.0,3.7
2025-03-18,0.463,0.465,0.468,0.462,2451691,113969339.33,1.3,0.65,0.003,5.27
2025-03-19,0.464,0.462,0.466,0.459,1374205,63521864.594,1.51,-0.65,-0.003,2.96
2025-03-20,0.461,0.459,0.464,0.458,1183601,54497102.543,1.3,-0.65,-0.003,2.55
2025-03-21,0.457,0.448,0.459,0.447,2843713,128442260.9,2.61,-2.4,-0.011,6.12
2025-03-24,0.448,0.451,0.451,0.442,1965506,87952539.7,2.01,0.67,0.003,4.23
2025-03-25,0.45,0.443,0.453,0.441,2742494,122188441.611,2.66,-1.77,-0.008,5.9
2025-03-26,0.442,0.443,0.448,0.441,1603439,71390024.251,1.58,0.0,0.0,3.45
2025-03-27,0.442,0.444,0.45,0.439,2364518,104874145.145,2.48,0.23,0.001,5.09
2025-03-28,0.442,0.441,0.446,0.44,1502718,66532021.4,1.35,-0.68,-0.003,3.23
2025-03-31,0.438,0.439,0.441,0.432,2081568,90841224.975,2.04,-0.45,-0.002,4.48
2025-04-01,0.44,0.435,0.441,0.434,1767424,77269746.224,1.59,-0.91,-0.004,3.8
2025-04-02,0.435,0.438,0.441,0.435,1552712,68014057.7,1.38,0.69,0.003,3.34
2025-04-03,0.433,0.426,0.434,0.422,3909964,167354165.484,2.74,-2.74,-0.012,8.41
2025-04-07,0.405,0.372,0.405,0.357,9331013,353332792.797,11.27,-12.68,-0.054,20.08
2025-04-08,0.373,0.371,0.382,0.363,4940994,184060676.8,5.11,-0.27,-0.001,10.63
2025-04-09,0.36,0.376,0.38,0.353,5639511,208632919.3,7.28,1.35,0.005,12.13
2025-04-10,0.39,0.389,0.4,0.388,8852922,348872768.348,3.19,3.46,0.013,19.05
2025-04-11,0.385,0.399,0.403,0.385,4425277,174639681.458,4.63,2.57,0.01,9.52
2025-04-14,0.408,0.4,0.409,0.399,2933791,118471570.1,2.51,0.25,0.001,6.31
2025-04-15,0.399,0.402,0.403,0.398,2095631,83910049.9,1.25,0.5,0.002,4.51
2025-04-16,0.4,0.395,0.4,0.389,2200347,86714676.9,2.74,-1.74,-0.007,4.73
2025-04-17,0.393,0.395,0.4,0.391,1927193,76348074.511,2.28,0.0,0.0,4.15
2025-04-18,0.395,0.396,0.398,0.393,1348339,53301177.612,1.27,0.25,0.001,2.9
2025-04-21,0.396,0.406,0.407,0.393,3003119,120988689.312,3.54,2.53,0.01,6.46
2025-04-22,0.405,0.402,0.405,0.4,1602677,64537752.6,1.23,-0.99,-0.004,3.45
2025-04-23,0.405,0.411,0.413,0.405,5198136,212094964.902,1.99,2.24,0.009,11.18
2025-04-24,0.409,0.404,0.41,0.404,2068135,83983072.4,1.46,-1.7,-0.007,4.45
2025-04-25,0.404,0.407,0.411,0.404,1912216,77924820.529,1.73,0.74,0.003,4.11
2025-04-28,0.407,0.404,0.408,0.403,1246790,50542340.6,1.23,-0.74,-0.003,2.68
2025-04-29,0.404,0.404,0.406,0.4,2063197,83284834.636,1.49,0.0,0.0,4.44
2025-04-30,0.405,0.411,0.413,0.404,1795681,73533021.8,2.23,1.73,0.007,3.86
2025-05-06,0.414,0.42,0.42,0.414,1680812,70164932.022,1.46,2.19,0.009,3.62
2025-05-07,0.426,0.42,0.43,0.416,2790824,117803037.459,3.33,0.0,0.0,6.0
2025-05-08,0.42,0.424,0.426,0.418,1635323,69268949.3,1.9,0.95,0.004,3.52
2025-05-09,0.424,0.418,0.424,0.416,1547469,64880186.916,1.89,-1.42,-0.006,3.33
2025-05-12,0.425,0.431,0.431,0.423,2528747,107995880.0,1.91,3.11,0.013,5.44
2025-05-13,0.438,0.428,0.438,0.426,3471067,149120081.537,2.78,-0.7,-0.003,7.47
2025-05-14,0.428,0.431,0.434,0.425,2111074,90683413.187,2.1,0.7,0.003,4.54
2025-05-15,0.43,0.421,0.431,0.42,1914183,81074551.0,2.55,-2.32,-0.01,4.12
2025-05-16,0.419,0.42,0.424,0.418,1315959,55401763.5,1.43,-0.24,-0.001,2.83
2025-05-19,0.419,0.419,0.42,0.413,1291479,53783697.7,1.67,-0.24,-0.001,2.78
2025-05-20,0.419,0.424,0.426,0.417,1440332,60688288.1,2.15,1.19,0.005,3.1
2025-05-21,0.423,0.425,0.427,0.421,1430884,60687652.416,1.42,0.24,0.001,3.08
2025-05-22,0.423,0.42,0.424,0.418,1173793,49422500.1,1.41,-1.18,-0.005,2.53
2025-05-23,0.419,0.414,0.422,0.413,1593785,66465912.48,2.14,-1.43,-0.006,3.43
2025-05-26,0.412,0.413,0.414,0.408,1454576,59819420.227,1.45,-0.24,-0.001,3.13
2025-05-27,0.411,0.408,0.412,0.406,1401838,57234929.2,1.45,-1.21,-0.005,3.02
2025-05-28,0.408,0.409,0.413,0.408,897721,36794900.3,1.23,0.25,0.001,1.93
2025-05-29,0.409,0.415,0.416,0.409,1132556,46843873.678,1.71,1.47,0.006,2.44
2025-05-30,0.413,0.41,0.413,0.408,1067756,43794347.77,1.2,-1.2,-0.005,2.3
2025-06-03,0.408,0.413,0.415,0.408,1477987,60956492.347,1.71,0.73,0.003,3.18
2025-06-04,0.414,0.418,0.42,0.413,1398627,58405803.6,1.69,1.21,0.005,3.01
2025-06-05,0.418,0.428,0.43,0.416,2626968,111532979.348,3.35,2.39,0.01,5.65
2025-06-06,0.428,0.426,0.428,0.425,1030357,43916331.9,0.7,-0.47,-0.002,2.22
2025-06-09,0.427,0.429,0.433,0.426,1102912,47410449.4,1.64,0.7,0.003,2.37
2025-06-10,0.43,0.424,0.43,0.42,1459474,61993910.5,2.33,-1.17,-0.005,3.14
2025-06-11,0.424,0.429,0.433,0.424,2249353,96582449.0,2.12,1.18,0.005,4.84
2025-06-12,0.428,0.43,0.433,0.426,1763881,75898496.31,1.63,0.23,0.001,3.8
2025-06-13,0.428,0.426,0.431,0.423,1453079,61978059.0,1.86,-0.93,-0.004,3.13
2025-06-16,0.425,0.429,0.429,0.424,1200713,51380600.6,1.17,0.7,0.003,2.58
2025-06-17,0.429,0.427,0.43,0.424,884324,37736013.5,1.4,-0.47,-0.002,1.9
2025-06-18,0.427,0.429,0.429,0.425,902314,38546743.229,0.94,0.47,0.002,1.94
2025-06-19,0.428,0.42,0.428,0.419,1608958,68170865.338,2.1,-2.1,-0.009,3.46
2025-06-20,0.42,0.415,0.422,0.415,1269143,52951577.3,1.67,-1.19,-0.005,2.73
2025-06-23,0.413,0.418,0.42,0.412,1251284,52074792.48,1.93,0.72,0.003,2.69
2025-06-24,0.42,0.431,0.432,0.419,2489769,106666700.336,3.11,3.11,0.013,5.36
2025-06-25,0.432,0.449,0.451,0.431,5926403,261595634.182,4.64,4.18,0.018,12.75
2025-06-26,0.45,0.445,0.452,0.444,5598038,251343315.5,1.78,-0.89,-0.004,12.04
2025-06-27,0.445,0.446,0.453,0.444,3183889,142643374.856,2.02,0.22,0.001,6.85
2025-06-30,0.446,0.451,0.451,0.446,1884543,84620580.355,1.12,1.12,0.005,4.05
2025-07-01,0.451,0.451,0.452,0.447,1526836,68680291.779,1.11,0.0,0.0,3.28
2025-07-02,0.45,0.445,0.45,0.443,1497822,66792283.3,1.55,-1.33,-0.006,3.22
2025-07-03,0.446,0.451,0.452,0.445,2054852,92303838.943,1.57,1.35,0.006,4.42
2025-07-04,0.451,0.45,0.459,0.448,2434040,110104204.545,2.44,-0.22,-0.001,5.24
2025-07-07,0.449,0.447,0.451,0.446,1441254,64451188.06,1.11,-0.67,-0.003,3.1
2025-07-08,0.446,0.457,0.457,0.446,2099783,95410275.2,2.46,2.24,0.01,4.52
2025-07-09,0.456,0.455,0.461,0.454,1854991,84933985.2,1.53,-0.44,-0.002,3.99
2025-07-10,0.456,0.455,0.459,0.452,1280569,58245837.317,1.54,0.0,0.0,2.76
2025-07-11,0.456,0.463,0.467,0.454,2473465,114389891.5,2.86,1.76,0.008,5.32
2025-07-14,0.462,0.46,0.463,0.458,1259961,57945032.9,1.08,-0.65,-0.003,2.71
2025-07-15,0.46,0.464,0.467,0.459,2762730,128102607.971,1.74,0.87,0.004,5.94
2025-07-16,0.464,0.462,0.467,0.461,2400820,110996826.3,1.29,-0.43,-0.002,5.17
2025-07-17,0.461,0.47,0.47,0.46,1898795,88658280.3,2.16,1.73,0.008,4.09
2025-07-18,0.471,0.469,0.474,0.466,3670005,172145936.581,1.7,-0.21,-0.001,7.9
2025-07-21,0.469,0.471,0.473,0.467,1343549,63135265.26,1.28,0.43,0.002,2.89
2025-07-22,0.471,0.473,0.474,0.469,1255839,59273495.6,1.06,0.42,0.002,2.7
2025-07-23,0.472,0.473,0.479,0.47,3133540,148464356.104,1.9,0.0,0.0,6.74
2025-07-24,0.473,0.48,0.48,0.473,1649110,78824962.406,1.48,1.48,0.007,3.55
2025-07-25,0.48,0.478,0.481,0.476,1877051,89727618.953,1.04,-0.42,-0.002,4.04
2025-07-28,0.479,0.488,0.489,0.479,2890310,140198400.13,2.09,2.09,0.01,6.22
2025-07-29,0.487,0.492,0.492,0.482,1880546,91716791.613,2.05,0.82,0.004,4.05
2025-07-30,0.49,0.483,0.491,0.479,2241036,108825446.09,2.44,-1.83,-0.009,4.82
2025-07-31,0.483,0.476,0.489,0.474,3106848,149602672.342,3.11,-1.45,-0.007,6.68
2025-08-01,0.474,0.474,0.479,0.47,1970080,93528050.278,1.89,-0.42,-0.002,4.24
2025-08-04,0.471,0.478,0.478,0.47,1546314,73257044.499,1.69,0.84,0.004,3.33
2025-08-05,0.48,0.482,0.482,0.477,1493717,71722835.451,1.05,0.84,0.004,3.21
2025-08-06,0.481,0.487,0.488,0.48,1213618,58842084.295,1.66,1.04,0.005,2.61
2025-08-07,0.487,0.484,0.489,0.479,1730828,83658857.234,2.05,-0.62,-0.003,3.72
2025-08-08,0.483,0.48,0.485,0.479,1314478,63307871.238,1.24,-0.83,-0.004,2.83
2025-08-11,0.48,0.491,0.493,0.48,2406451,117749425.242,2.71,2.29,0.011,5.18
2025-08-12,0.491,0.495,0.496,0.488,1758313,86730096.005,1.63,0.81,0.004,3.78
2025-08-13,0.498,0.512,0.513,0.497,4010847,203125261.312,3.23,3.43,0.017,8.63
2025-08-14,0.513,0.508,0.516,0.506,2787255,142444875.431,1.95,-0.78,-0.004,6.0
2025-08-15,0.506,0.529,0.53,0.505,3923812,204932117.987,4.92,4.13,0.021,8.44
2025-08-18,0.53,0.545,0.553,0.524,5784470,312000333.653,5.48,3.02,0.016,12.45
2025-08-19,0.543,0.539,0.548,0.536,3086906,167023588.891,2.2,-1.1,-0.006,6.64
2025-08-20,0.534,0.541,0.541,0.526,3097974,165070204.647,2.78,0.37,0.002,6.67
2025-08-21,0.543,0.534,0.544,0.531,2793143,149852058.92,2.4,-1.29,-0.007,6.01
2025-08-22,0.532,0.55,0.551,0.53,3745658,203695535.403,3.93,3.0,0.016,8.06
2025-08-25,0.555,0.568,0.571,0.551,4236852,237177318.454,3.64,3.27,0.018,9.12
2025-08-26,0.564,0.56,0.567,0.557,3647835,205187301.304,1.76,-1.41,-0.008,7.85
2025-08-27,0.558,0.551,0.572,0.551,4205503,236387854.361,3.75,-1.61,-0.009,9.05
2025-08-28,0.548,0.573,0.573,0.545,5792333,322387821.843,5.08,3.99,0.022,12.46
2025-08-29,0.573,0.586,0.592,0.569,7511988,438688172.32,4.01,2.27,0.013,16.16
2025-09-01,0.586,0.586,0.593,0.578,5184646,303568233.355,2.56,0.0,0.0,11.15
2025-09-02,0.586,0.574,0.592,0.567,4980122,288554014.964,4.27,-2.05,-0.012,10.71
2025-09-03,0.574,0.567,0.581,0.563,4286388,245096428.62,3.14,-1.22,-0.007,9.22
2025-09-04,0.568,0.548,0.577,0.54,5593910,312464731.153,6.53,-3.35,-0.019,12.04
2025-09-05,0.546,0.58,0.58,0.545,4933890,278590309.168,6.39,5.84,0.032,10.62
2025-09-08,0.581,0.577,0.581,0.567,3018996,173379118.286,2.41,-0.52,-0.003,6.5
2025-09-09,0.572,0.563,0.574,0.558,2228840,126105874.365,2.77,-2.43,-0.014,4.8
2025-09-10,0.563,0.57,0.576,0.56,2652990,151037143.333,2.84,1.24,0.007,5.71
2025-09-11,0.569,0.597,0.599,0.566,4827591,282421533.486,5.79,4.74,0.027,10.39
2025-09-12,0.597,0.596,0.604,0.592,2414904,144351064.978,2.01,-0.17,-0.001,5.2
2025-09-15,0.592,0.595,0.602,0.588,3655665,218151071.229,2.35,-0.17,-0.001,7.87
2025-09-16,0.596,0.6,0.605,0.586,3682258,220008441.08,3.19,0.84,0.005,7.92
2025-09-17,0.599,0.609,0.613,0.591,6942098,419762812.094,3.67,1.5,0.009,14.94
2025-09-18,0.6,0.597,0.617,0.59,7089199,428685229.286,4.43,-1.97,-0.012,15.25
2025-09-19,0.603,0.6,0.61,0.594,5023623,302306274.078,2.68,0.5,0.003,10.81
2025-09-22,0.599,0.601,0.602,0.587,7011937,418833891.131,2.5,0.17,0.001,15.09
2025-09-23,0.612,0.603,0.618,0.585,4785822,288787150.82,5.49,0.33,0.002,10.3
2025-09-24,0.591,0.605,0.607,0.588,4790387,286379107.1,3.15,0.33,0.002,10.31
2025-09-25,0.6,0.615,0.624,0.594,5703357,349464052.895,4.96,1.65,0.01,12.27
2025-09-26,0.61,0.597,0.621,0.597,3408956,207223112.825,3.9,-2.93,-0.018,7.33
2025-09-29,0.594,0.616,0.621,0.594,5834436,356128351.461,4.52,3.18,0.019,12.55
2025-09-30,0.616,0.606,0.623,0.603,4590018,279911147.495,3.25,-1.62,-0.01,9.88
2025-10-09,0.607,0.603,0.617,0.601,4655720,283925566.718,2.64,-0.5,-0.003,10.02
2025-10-10,0.601,0.579,0.602,0.577,4618166,272714038.163,4.15,-3.98,-0.024,9.94
2025-10-13,0.559,0.572,0.576,0.55,4562898,258448532.668,4.49,-1.21,-0.007,9.82
2025-10-14,0.58,0.545,0.581,0.542,6493159,364576374.09,6.82,-4.72,-0.027,13.97
2025-10-15,0.543,0.558,0.56,0.539,4141249,227831985.832,3.85,2.39,0.013,8.91
2025-10-16,0.554,0.561,0.57,0.553,3658357,205986995.6,3.05,0.54,0.003,7.87
2025-10-17,0.561,0.548,0.565,0.547,3583599,198388964.434,3.21,-2.32,-0.013,7.71
2025-10-20,0.564,0.565,0.578,0.558,4652100,264173397.9,3.65,3.1,0.017,10.01
2025-10-21,0.567,0.591,0.598,0.562,9831492,576685038.822,6.37,4.6,0.026,21.15
2025-10-22,0.585,0.589,0.597,0.584,3188386,188380188.283,2.2,-0.34,-0.002,6.86
2025-10-23,0.585,0.584,0.587,0.573,2800095,162428304.896,2.38,-0.85,-0.005,6.02
2025-10-24,0.593,0.615,0.616,0.587,5152303,310817373.761,4.97,5.31,0.031,11.09
2025-10-27,0.632,0.638,0.64,0.625,4602933,291401148.273,2.44,3.74,0.023,9.9
2025-10-28,0.63,0.639,0.652,0.628,5298995,339779052.679,3.76,0.16,0.001,11.4
2025-10-29,0.651,0.651,0.654,0.637,4429641,286232117.576,2.66,1.88,0.012,9.53
2025-10-30,0.641,0.626,0.648,0.626,4454963,282430893.724,3.38,-3.84,-0.025,9.58
2025-10-31,0.622,0.6,0.627,0.599,5457519,332760341.662,4.47,-4.15,-0.026,11.74
2025-11-03,0.595,0.601,0.603,0.585,4682659,278142437.2,3.0,0.17,0.001,10.07
2025-11-04,0.6,0.593,0.608,0.588,3477686,207977118.712,3.33,-1.33,-0.008,7.48
2025-11-05,0.58,0.594,0.597,0.578,2940885,172823360.509,3.2,0.17,0.001,6.33
2025-11-06,0.599,0.61,0.614,0.598,3877124,235136065.336,2.69,2.69,0.016,8.34
2025-11-07,0.605,0.606,0.613,0.598,3062600,185293930.516,2.46,-0.66,-0.004,6.59
2025-11-10,0.607,0.597,0.609,0.582,4489470,265560900.6,4.46,-1.49,-0.009,9.66
2025-11-11,0.602,0.582,0.604,0.58,3391800,200116268.29,4.02,-2.51,-0.015,7.3
2025-11-12,0.577,0.584,0.587,0.569,4302100,248390740.7,3.09,0.34,0.002,9.26
2025-11-13,0.582,0.591,0.593,0.575,3404436,199229364.674,3.08,1.2,0.007,7.32
2025-11-14,0.582,0.573,0.584,0.572,3069847,177717055.178,2.03,-3.05,-0.018,6.6
2025-11-17,0.569,0.574,0.581,0.569,2481253,142491052.4,2.09,0.17,0.001,5.34
2025-11-18,0.57,0.572,0.583,0.569,2883414,165912280.424,2.44,-0.35,-0.002,6.2
2025-11-19,0.57,0.578,0.584,0.569,3340540,193064443.005,2.62,1.05,0.006,7.19
2025-11-20,0.591,0.575,0.596,0.573,2960271,172071013.57,3.98,-0.52,-0.003,6.37
2025-11-21,0.564,0.547,0.565,0.545,4309208,238880131.9,3.48,-4.87,-0.028,9.27
2025-11-24,0.551,0.545,0.554,0.536,3459830,188712661.144,3.29,-0.37,-0.002,7.44
2025-11-25,0.555,0.56,0.573,0.554,3986706,224308497.933,3.49,2.75,0.015,8.58
2025-11-26,0.558,0.583,0.593,0.553,5468310,315840900.013,7.14,4.11,0.023,11.77
2025-11-27,0.58,0.58,0.602,0.578,4077730,240537666.053,4.12,-0.51,-0.003,8.77
2025-11-28,0.58,0.583,0.588,0.574,2641838,153369938.0,2.41,0.52,0.003,5.68
2025-12-01,0.585,0.592,0.592,0.578,3528819,207541241.5,2.4,1.54,0.009,7.59
2025-12-02,0.592,0.59,0.596,0.585,2929062,172837165.5,1.86,-0.34,-0.002,6.3
2025-12-03,0.592,0.586,0.603,0.583,4106861,243809064.649,3.39,-0.68,-0.004,8.84
2025-12-04,0.584,0.593,0.595,0.579,4301934,253064659.88,2.73,1.19,0.007,9.26
2025-12-05,0.596,0.603,0.606,0.59,5019158,300593171.601,2.7,1.69,0.01,10.8
2025-12-08,0.605,0.63,0.636,0.605,10172646,638113641.232,5.14,4.48,0.027,21.89
2025-12-09,0.628,0.643,0.648,0.626,6751331,432580462.007,3.49,2.06,0.013,14.53
2025-12-10,0.642,0.646,0.649,0.624,5679556,361115160.44,3.89,0.47,0.003,12.22
2025-12-11,0.642,0.629,0.653,0.629,4257495,273669015.905,3.72,-2.63,-0.017,9.16
2025-12-12,0.628,0.637,0.641,0.622,4650105,294029125.253,3.02,1.27,0.008,10.0
2025-12-15,0.626,0.624,0.636,0.622,3710954,232819718.377,2.2,-2.04,-0.013,7.98
2025-12-16,0.621,0.607,0.625,0.602,4260197,261154843.104,3.69,-2.72,-0.017,9.17
2025-12-17,0.608,0.637,0.639,0.608,6308987,394564657.091,5.11,4.94,0.03,13.57
2025-12-18,0.63,0.617,0.631,0.617,4751367,296130295.7,2.2,-3.14,-0.02,10.22
2025-12-19,0.625,0.621,0.631,0.617,4583515,285685213.2,2.27,0.65,0.004,9.86
2025-12-22,0.63,0.643,0.644,0.63,5649170,360666627.019,2.25,3.54,0.022,12.15
2025-12-23,0.644,0.648,0.652,0.64,4029654,260258971.701,1.87,0.78,0.005,8.67
2025-12-24,0.65,0.649,0.652,0.64,3537508,228549007.5,1.85,0.15,0.001,7.61
2025-12-25,0.65,0.648,0.655,0.639,3412549,220675874.983,2.47,-0.15,-0.001,7.34
2025-12-26,0.647,0.651,0.657,0.641,3257517,211788205.801,2.47,0.46,0.003,7.01
2025-12-29,0.648,0.646,0.654,0.642,3413822,220885333.06,1.84,-0.77,-0.005,7.34
2025-12-30,0.642,0.651,0.655,0.64,3263834,211747965.475,2.32,0.77,0.005,7.02
2025-12-31,0.652,0.636,0.653,0.634,6175309,394802725.23,2.92,-2.3,-0.015,13.29
2026-01-05,0.642,0.651,0.653,0.637,3548734,229057919.113,2.52,2.36,0.015,7.64
2026-01-06,0.647,0.649,0.655,0.639,3581416,231678972.561,2.46,-0.31,-0.002,7.71
2026-01-07,0.65,0.652,0.66,0.644,3336367,217516274.803,2.47,0.46,0.003,7.18
2026-01-08,0.647,0.64,0.65,0.637,2884831,185088320.99,1.99,-1.84,-0.012,6.21
2026-01-09,0.637,0.637,0.641,0.621,3579792,226085169.1,3.13,-0.47,-0.003,7.7
2026-01-12,0.63,0.634,0.637,0.613,4795841,299456363.336,3.77,-0.47,-0.003,10.32
2026-01-13,0.631,0.622,0.645,0.619,4188130,263841151.875,4.1,-1.89,-0.012,9.01
2026-01-14,0.624,0.627,0.635,0.618,3805468,238909918.043,2.73,0.8,0.005,8.19
2026-01-15,0.623,0.64,0.642,0.62,5188170,326957939.795,3.51,2.07,0.013,11.16
2026-01-16,0.647,0.64,0.651,0.638,3272941,210636269.926,2.03,0.0,0.0,7.04
2026-01-19,0.635,0.637,0.648,0.633,2827306,180700187.31,2.34,-0.47,-0.003,6.08
2026-01-20,0.637,0.619,0.638,0.614,3402486,211741491.299,3.77,-2.83,-0.018,7.32
2026-01-21,0.615,0.626,0.632,0.615,2274869,142484276.673,2.75,1.13,0.007,4.89
2026-01-22,0.627,0.636,0.637,0.623,2598877,164149718.595,2.24,1.6,0.01,5.59
2026-01-23,0.637,0.628,0.637,0.622,3205612,201292294.489,2.36,-1.26,-0.008,6.9
2026-01-26,0.627,0.625,0.632,0.622,2587708,162277109.521,1.59,-0.48,-0.003,5.57
2026-01-27,0.625,0.634,0.639,0.618,3213788,202781678.329,3.36,1.44,0.009,6.91
2026-01-28,0.636,0.631,0.64,0.624,1997373,126178152.345,2.52,-0.47,-0.003,4.3
2026-01-29,0.629,0.622,0.635,0.619,3244430,203061973.542,2.54,-1.43,-0.009,6.98
2026-01-30,0.618,0.641,0.645,0.614,4998955,315301505.548,4.98,3.05,0.019,10.76
2026-02-02,0.642,0.626,0.658,0.624,4050356,259919353.098,5.3,-2.34,-0.015,8.71
2026-02-03,0.638,0.631,0.64,0.614,4503016,282673280.944,4.15,0.8,0.005,9.69
2026-02-04,0.621,0.621,0.623,0.603,3607631,221149974.626,3.17,-1.58,-0.01,7.76
2026-02-05,0.612,0.609,0.618,0.605,1919178,117072864.9,2.09,-1.93,-0.012,4.13
2026-02-06,0.603,0.602,0.614,0.591,2575017,155069519.1,3.78,-1.15,-0.007,5.54
2026-02-09,0.614,0.627,0.632,0.61,3437921,213768618.4,3.65,4.15,0.025,7.4
2026-02-10,0.626,0.625,0.634,0.624,1293883,81253515.32,1.59,-0.32,-0.002,2.78
2026-02-11,0.622,0.613,0.624,0.609,2362329,145178199.8,2.4,-1.92,-0.012,5.08
2026-02-12,0.613,0.62,0.625,0.613,2045121,126757260.472,1.96,1.14,0.007,4.4
2026-02-13,0.617,0.612,0.62,0.611,1567591,96363841.3,1.45,-1.29,-0.008,3.37
2026-02-24,0.618,0.621,0.63,0.614,2243817,139583931.205,2.61,1.47,0.009,4.83
2026-02-25,0.621,0.633,0.635,0.618,1842384,115542625.235,2.74,1.93,0.012,3.96
2026-02-26,0.632,0.632,0.633,0.623,1378182,86565896.524,1.58,-0.16,-0.001,2.97
2026-02-27,0.625,0.618,0.626,0.612,2781226,171555404.0,2.22,-2.22,-0.014,5.98
2026-03-02,0.608,0.624,0.628,0.604,3990684,246964628.487,3.88,0.97,0.006,8.59
2026-03-03,0.629,0.613,0.637,0.612,4600315,287733933.016,4.01,-1.76,-0.011,9.9
2026-03-04,0.606,0.603,0.614,0.598,3691815,223608260.0,2.61,-1.63,-0.01,7.94
