rebalance_date,second_stage_llm,llm_ranking_used,llm_fallback_used,explanation_requested,explanation_generated,simple_rule_benchmark_factor,strategy_a_codes,strategy_a_count,strategy_a_return,strategy_a_turnover,strategy_a_transaction_cost,strategy_a_slippage,strategy_a_net_return,strategy_b_codes,strategy_b_count,strategy_b_return,strategy_b_turnover,strategy_b_transaction_cost,strategy_b_slippage,strategy_b_net_return,benchmark_market_codes,benchmark_market_count,benchmark_market_return,benchmark_market_turnover,benchmark_market_transaction_cost,benchmark_market_slippage,benchmark_market_net_return,benchmark_equal_weight_codes,benchmark_equal_weight_count,benchmark_equal_weight_return,benchmark_equal_weight_turnover,benchmark_equal_weight_transaction_cost,benchmark_equal_weight_slippage,benchmark_equal_weight_net_return,benchmark_simple_rule_codes,benchmark_simple_rule_count,benchmark_simple_rule_return,benchmark_simple_rule_turnover,benchmark_simple_rule_transaction_cost,benchmark_simple_rule_slippage,benchmark_simple_rule_net_return
2025-04-11,deepseek-chat,True,False,False,False,momentum_20,"['520500', '512480', '159518', '159995', '513310', '588030', '159939', '515050', '513730', '513290']",10,0.006281422791774291,1.0,0.001,0.0005,0.004781422791774291,"['520500', '512480', '159518', '159995', '513310', '588030', '159939', '515050', '513730', '513290']",10,0.006281422791774291,1.0,0.001,0.0005,0.004781422791774291,['510300'],1,0.0090934141636813,1.0,0.001,0.0005,0.007593414163681301,"['159201', '159307', '159399', '159502', '159509', '159518', '159520', '159529', '159531', '159572', '159628', '159682', '159687', '159691', '159715', '159781', '159807', '159825', '159837', '159847', '159852', '159871', '159883', '159901', '159903', '159905', '159910', '159915', '159916', '159920', '159928', '159930', '159938', '159939', '159966', '159967', '159995', '159996', '510050', '510180', '510300', '510500', '510760', '510880', '510900', '512010', '512100', '512260', '512290', '512480', '512580', '512660', '512690', '512750', '512980', '513050', '513060', '513290', '513310', '513330', '513630', '513730', '513970', '515010', '515050', '515080', '515170', '515220', '515400', '515450', '515580', '515650', '515700', '515750', '515790', '515800', '515860', '515980', '516050', '516080', '516160', '516310', '516670', '517300', '517520', '518850', '520500', '520550', '560080', '560500', '560610', '562000', '562060', '562310', '562320', '562500', '563000', '563020', '588000', '588030']",100,0.00399109301333678,1.0,0.001,0.0005,0.00249109301333678,"['518850', '517520', '516670', '159825', '520500', '159928', '515170', '515650', '515450', '516080']",10,0.006436449568935511,1.0,0.001,0.0005,0.0049364495689355106
2025-04-18,deepseek-chat,True,False,False,False,momentum_20,"['510500', '159509', '510880', '510180', '517520', '516310', '159916', '515450', '515080', '159901']",10,0.00478417858412567,1.0000000000000002,0.0010000000000000002,0.0005000000000000001,0.0032841785841256697,"['510500', '159509', '510880', '510180', '517520', '516310', '159916', '515450', '515080', '159901']",10,0.00478417858412567,1.0000000000000002,0.0010000000000000002,0.0005000000000000001,0.0032841785841256697,['510300'],1,0.0024576734025123,0.0,0.0,0.0,0.0024576734025123,"['159201', '159307', '159399', '159502', '159509', '159518', '159520', '159529', '159531', '159572', '159628', '159682', '159687', '159691', '159715', '159781', '159807', '159825', '159837', '159847', '159852', '159871', '159883', '159901', '159903', '159905', '159910', '159915', '159916', '159920', '159928', '159930', '159938', '159939', '159966', '159967', '159995', '159996', '510050', '510180', '510300', '510500', '510760', '510880', '510900', '512010', '512100', '512260', '512290', '512480', '512580', '512660', '512690', '512750', '512980', '513050', '513060', '513290', '513310', '513330', '513630', '513730', '513970', '515010', '515050', '515080', '515170', '515220', '515400', '515450', '515580', '515650', '515700', '515750', '515790', '515800', '515860', '515980', '516050', '516080', '516160', '516310', '516670', '517300', '517520', '518850', '520500', '520550', '560080', '560500', '560610', '562000', '562060', '562310', '562320', '562500', '563000', '563020', '588000', '588030']",100,0.012725721531149007,0.0,0.0,0.0,0.012725721531149007,"['518850', '517520', '516670', '159825', '515450', '563020', '159928', '516310', '510880', '159307']",10,-0.00280191096709649,0.39999999999999997,0.00039999999999999996,0.00019999999999999998,-0.0034019109670964903
2025-04-25,deepseek-chat,True,False,False,False,momentum_20,"['510500', '159916', '510180', '510880', '517520', '510300', '159901', '513630', '159905', '159518']",10,0.01089375047184829,0.39999999999999997,0.00039999999999999996,0.00019999999999999998,0.01029375047184829,"['510500', '159916', '510180', '510880', '517520', '510300', '159901', '513630', '159905', '159518']",10,0.01089375047184829,0.39999999999999997,0.00039999999999999996,0.00019999999999999998,0.01029375047184829,['510300'],1,0.0122582402615092,0.0,0.0,0.0,0.0122582402615092,"['159201', '159307', '159399', '159502', '159509', '159518', '159520', '159529', '159531', '159572', '159628', '159682', '159687', '159691', '159715', '159781', '159807', '159825', '159837', '159847', '159852', '159871', '159883', '159901', '159903', '159905', '159910', '159915', '159916', '159920', '159928', '159930', '159938', '159939', '159966', '159967', '159995', '159996', '510050', '510180', '510300', '510500', '510760', '510880', '510900', '512010', '512100', '512260', '512290', '512480', '512580', '512660', '512690', '512750', '512980', '513050', '513060', '513290', '513310', '513330', '513630', '513730', '513970', '515010', '515050', '515080', '515170', '515220', '515400', '515450', '515580', '515650', '515700', '515750', '515790', '515800', '515860', '515980', '516050', '516080', '516160', '516310', '516670', '517300', '517520', '518850', '520500', '520550', '560080', '560500', '560610', '562000', '562060', '562310', '562320', '562500', '563000', '563020', '588000', '588030']",100,0.016633535837435015,0.0,0.0,0.0,0.016633535837435015,"['518850', '517520', '520500', '513060', '516670', '516310', '563020', '159825', '515450', '513630']",10,-0.0014202130888920788,0.3,0.0003,0.00015,-0.0018702130888920787
2025-04-30,deepseek-chat,True,False,False,False,momentum_20,"['510500', '510180', '510300', '510880', '513730', '563020', '516310', '159916', '159901', '510050']",10,0.02958512108240526,0.39999999999999997,0.00039999999999999996,0.00019999999999999998,0.02898512108240526,"['510500', '510180', '510300', '510880', '513730', '563020', '516310', '159916', '159901', '510050']",10,0.02958512108240526,0.39999999999999997,0.00039999999999999996,0.00019999999999999998,0.02898512108240526,['510300'],1,0.0339261285909713,0.0,0.0,0.0,0.0339261285909713,"['159201', '159307', '159399', '159502', '159509', '159518', '159520', '159529', '159531', '159572', '159628', '159682', '159687', '159691', '159715', '159781', '159807', '159825', '159837', '159847', '159852', '159871', '159883', '159901', '159903', '159905', '159910', '159915', '159916', '159920', '159928', '159930', '159938', '159939', '159966', '159967', '159995', '159996', '510050', '510180', '510300', '510500', '510760', '510880', '510900', '512010', '512100', '512260', '512290', '512480', '512580', '512660', '512690', '512750', '512980', '513050', '513060', '513290', '513310', '513330', '513630', '513730', '513970', '515010', '515050', '515080', '515170', '515220', '515400', '515450', '515580', '515650', '515700', '515750', '515790', '515800', '515860', '515980', '516050', '516080', '516160', '516310', '516670', '517300', '517520', '518850', '520500', '520550', '560080', '560500', '560610', '562000', '562060', '562310', '562320', '562500', '563000', '563020', '588000', '588030']",100,0.025149981532645617,0.0,0.0,0.0,0.025149981532645617,"['518850', '513730', '516670', '517520', '159825', '159995', '159687', '512480', '516310', '159509']",10,0.011628061728922782,0.49999999999999994,0.0004999999999999999,0.00024999999999999995,0.010878061728922781
2025-05-09,deepseek-chat,True,False,False,False,momentum_20,"['513290', '159687', '510880', '159502', '516310', '159691', '520500', '513630', '159939', '510180']",10,0.004434621470456149,0.7000000000000001,0.0007000000000000001,0.00035000000000000005,0.0033846214704561493,"['513290', '159687', '510880', '159502', '516310', '159691', '520500', '513630', '159939', '510180']",10,0.004434621470456149,0.7000000000000001,0.0007000000000000001,0.00035000000000000005,0.0033846214704561493,['510300'],1,0.0117836100696304,0.0,0.0,0.0,0.0117836100696304,"['159201', '159307', '159399', '159502', '159509', '159518', '159520', '159529', '159531', '159572', '159628', '159682', '159687', '159691', '159715', '159781', '159807', '159825', '159837', '159847', '159852', '159871', '159883', '159901', '159903', '159905', '159910', '159915', '159916', '159920', '159928', '159930', '159938', '159939', '159966', '159967', '159995', '159996', '510050', '510180', '510300', '510500', '510760', '510880', '510900', '512010', '512100', '512260', '512290', '512480', '512580', '512660', '512690', '512750', '512980', '513050', '513060', '513290', '513310', '513330', '513630', '513730', '513970', '515010', '515050', '515080', '515170', '515220', '515400', '515450', '515580', '515650', '515700', '515750', '515790', '515800', '515860', '515980', '516050', '516080', '516160', '516310', '516670', '517300', '517520', '518850', '520500', '520550', '560080', '560500', '560610', '562000', '562060', '562310', '562320', '562500', '563000', '563020', '588000', '588030']",100,0.007448802063325332,0.0,0.0,0.0,0.007448802063325332,"['513730', '520500', '513060', '562500', '159531', '515050', '517520', '159509', '515980', '159687']",10,0.008201235909033369,0.6,0.0006,0.0003,0.007301235909033369
2025-05-16,deepseek-chat,True,False,False,False,momentum_20,"['510500', '159910', '159916', '159518', '510180', '159901', '512100', '159687', '515700', '510300']",10,-0.00487926678296223,0.8000000000000002,0.0008000000000000001,0.0004000000000000001,-0.0060792667829622305,"['510500', '159910', '159916', '159518', '510180', '159901', '512100', '159687', '515700', '510300']",10,-0.00487926678296223,0.8000000000000002,0.0008000000000000001,0.0004000000000000001,-0.0060792667829622305,['510300'],1,-0.0002646903123345,0.0,0.0,0.0,-0.0002646903123345,"['159201', '159307', '159399', '159502', '159509', '159518', '159520', '159529', '159531', '159572', '159628', '159682', '159687', '159691', '159715', '159781', '159807', '159825', '159837', '159847', '159852', '159871', '159883', '159901', '159903', '159905', '159910', '159915', '159916', '159920', '159928', '159930', '159938', '159939', '159966', '159967', '159995', '159996', '510050', '510180', '510300', '510500', '510760', '510880', '510900', '512010', '512100', '512260', '512290', '512480', '512580', '512660', '512690', '512750', '512980', '513050', '513060', '513290', '513310', '513330', '513630', '513730', '513970', '515010', '515050', '515080', '515170', '515220', '515400', '515450', '515580', '515650', '515700', '515750', '515790', '515800', '515860', '515980', '516050', '516080', '516160', '516310', '516670', '517300', '517520', '518850', '520500', '520550', '560080', '560500', '560610', '562000', '562060', '562310', '562320', '562500', '563000', '563020', '588000', '588030']",100,-0.001323022882367793,0.0,0.0,0.0,-0.001323022882367793,"['513730', '159518', '159509', '159529', '513050', '159682', '159687', '562500', '515700', '515050']",10,-0.014774794484756442,0.49999999999999994,0.0004999999999999999,0.00024999999999999995,-0.015524794484756443
2025-05-23,deepseek-chat,True,False,False,False,momentum_20,"['510500', '159509', '510300', '159901', '513730', '510180', '510880', '515700', '159916', '159518']",10,-0.00693230387349319,0.3,0.0003,0.00015,-0.00738230387349319,"['510500', '159509', '510300', '159901', '513730', '510180', '510880', '515700', '159916', '159518']",10,-0.00693230387349319,0.3,0.0003,0.00015,-0.00738230387349319,['510300'],1,-0.0076780513635159,0.0,0.0,0.0,-0.0076780513635159,"['159201', '159307', '159399', '159502', '159509', '159518', '159520', '159529', '159531', '159572', '159628', '159682', '159687', '159691', '159715', '159781', '159807', '159825', '159837', '159847', '159852', '159871', '159883', '159901', '159903', '159905', '159910', '159915', '159916', '159920', '159928', '159930', '159938', '159939', '159966', '159967', '159995', '159996', '510050', '510180', '510300', '510500', '510760', '510880', '510900', '512010', '512100', '512260', '512290', '512480', '512580', '512660', '512690', '512750', '512980', '513050', '513060', '513290', '513310', '513330', '513630', '513730', '513970', '515010', '515050', '515080', '515170', '515220', '515400', '515450', '515580', '515650', '515700', '515750', '515790', '515800', '515860', '515980', '516050', '516080', '516160', '516310', '516670', '517300', '517520', '518850', '520500', '520550', '560080', '560500', '560610', '562000', '562060', '562310', '562320', '562500', '563000', '563020', '588000', '588030']",100,-0.0005842306544227171,0.0,0.0,0.0,-0.0005842306544227171,"['159509', '513730', '159529', '513050', '515700', '159687', '159518', '159682', '159920', '520550']",10,-0.009478823483965712,0.2,0.0002,0.0001,-0.009778823483965712
2025-05-30,deepseek-chat,True,False,False,False,momentum_20,"['159509', '159687', '510880', '159916', '159518', '515860', '510180', '159825', '516670', '159910']",10,0.01551484146062448,0.49999999999999994,0.0004999999999999999,0.00024999999999999995,0.014764841460624479,"['159509', '159687', '510880', '159916', '159518', '515860', '510180', '159825', '516670', '159910']",10,0.01551484146062448,0.49999999999999994,0.0004999999999999999,0.00024999999999999995,0.014764841460624479,['510300'],1,0.0096051227321236,0.0,0.0,0.0,0.0096051227321236,"['159201', '159307', '159399', '159502', '159509', '159518', '159520', '159529', '159531', '159572', '159628', '159682', '159687', '159691', '159715', '159781', '159807', '159825', '159837', '159847', '159852', '159871', '159883', '159901', '159903', '159905', '159910', '159915', '159916', '159920', '159928', '159930', '159938', '159939', '159966', '159967', '159995', '159996', '510050', '510180', '510300', '510500', '510760', '510880', '510900', '512010', '512100', '512260', '512290', '512480', '512580', '512660', '512690', '512750', '512980', '513050', '513060', '513290', '513310', '513330', '513630', '513730', '513970', '515010', '515050', '515080', '515170', '515220', '515400', '515450', '515580', '515650', '515700', '515750', '515790', '515800', '515860', '515980', '516050', '516080', '516160', '516310', '516670', '517300', '517520', '518850', '520500', '520550', '560080', '560500', '560610', '562000', '562060', '562310', '562320', '562500', '563000', '563020', '588000', '588030']",100,0.02261062589677528,0.0,0.0,0.0,0.02261062589677528,"['159529', '159509', '516080', '512290', '513060', '159837', '512010', '159938', '159691', '520500']",10,0.03301222191081282,0.8000000000000002,0.0008000000000000001,0.0004000000000000001,0.03181222191081282
2025-06-06,deepseek-chat,True,False,False,False,momentum_20,"['159916', '510880', '159509', '159502', '159518', '510180', '510300', '513290', '510500', '510050']",10,0.010424292285867921,0.49999999999999994,0.0004999999999999999,0.00024999999999999995,0.00967429228586792,"['159916', '510880', '159509', '159502', '159518', '510180', '510300', '513290', '510500', '510050']",10,0.010424292285867921,0.49999999999999994,0.0004999999999999999,0.00024999999999999995,0.00967429228586792,['510300'],1,-0.0015894039735099,0.0,0.0,0.0,-0.0015894039735099,"['159201', '159307', '159399', '159502', '159509', '159518', '159520', '159529', '159531', '159572', '159628', '159682', '159687', '159691', '159715', '159781', '159807', '159825', '159837', '159847', '159852', '159871', '159883', '159901', '159903', '159905', '159910', '159915', '159916', '159920', '159928', '159930', '159938', '159939', '159966', '159967', '159995', '159996', '510050', '510180', '510300', '510500', '510760', '510880', '510900', '512010', '512100', '512260', '512290', '512480', '512580', '512660', '512690', '512750', '512980', '513050', '513060', '513290', '513310', '513330', '513630', '513730', '513970', '515010', '515050', '515080', '515170', '515220', '515400', '515450', '515580', '515650', '515700', '515750', '515790', '515800', '515860', '515980', '516050', '516080', '516160', '516310', '516670', '517300', '517520', '518850', '520500', '520550', '560080', '560500', '560610', '562000', '562060', '562310', '562320', '562500', '563000', '563020', '588000', '588030']",100,0.001161440337237282,0.0,0.0,0.0,0.001161440337237282,"['520500', '513060', '159529', '516080', '159509', '512290', '159691', '159837', '520550', '516310']",10,0.0264489439400189,0.2,0.0002,0.0001,0.0261489439400189
2025-06-13,deepseek-chat,True,False,False,False,momentum_20,"['159518', '159502', '512690', '159509', '513060', '513730', '520500', '515170', '513310', '159916']",10,-0.01372647134516275,0.6,0.0006,0.0003,-0.01462647134516275,"['159518', '513060', '520500', '159502', '516080', '513290', '159837', '512290', '159938', '512010']",10,-0.03980261465727318,0.7000000000000001,0.0007000000000000001,0.00035000000000000005,-0.04085261465727318,['510300'],1,-0.0037145131334571,0.0,0.0,0.0,-0.0037145131334571,"['159201', '159307', '159399', '159502', '159509', '159518', '159520', '159529', '159531', '159572', '159628', '159682', '159687', '159691', '159715', '159781', '159807', '159825', '159837', '159847', '159852', '159871', '159883', '159901', '159903', '159905', '159910', '159915', '159916', '159920', '159928', '159930', '159938', '159939', '159966', '159967', '159995', '159996', '510050', '510180', '510300', '510500', '510760', '510880', '510900', '512010', '512100', '512260', '512290', '512480', '512580', '512660', '512690', '512750', '512980', '513050', '513060', '513290', '513310', '513330', '513630', '513730', '513970', '515010', '515050', '515080', '515170', '515220', '515400', '515450', '515580', '515650', '515700', '515750', '515790', '515800', '515860', '515980', '516050', '516080', '516160', '516310', '516670', '517300', '517520', '518850', '520500', '520550', '560080', '560500', '560610', '562000', '562060', '562310', '562320', '562500', '563000', '563020', '588000', '588030']",100,-0.01267010617895308,0.0,0.0,0.0,-0.01267010617895308,"['520500', '513060', '517520', '516080', '159518', '159502', '518850', '159837', '513290', '512290']",10,-0.039659438208167454,0.49999999999999994,0.0004999999999999999,0.00024999999999999995,-0.040409438208167454
2025-06-20,deepseek-chat,True,False,False,False,momentum_20,"['159916', '510500', '520550', '510180', '510300', '513630', '159518', '516160', '510880', '520500']",10,0.01668552010272589,0.7000000000000001,0.0007000000000000001,0.00035000000000000005,0.01563552010272589,"['159916', '510500', '520550', '510180', '510300', '513630', '159518', '516160', '510880', '520500']",10,0.01668552010272589,0.8000000000000002,0.0008000000000000001,0.0004000000000000001,0.015485520102725891,['510300'],1,0.0226364846870839,0.0,0.0,0.0,0.0226364846870839,"['159201', '159307', '159399', '159502', '159509', '159518', '159520', '159529', '159531', '159572', '159628', '159682', '159687', '159691', '159715', '159781', '159807', '159825', '159837', '159847', '159852', '159871', '159883', '159901', '159903', '159905', '159910', '159915', '159916', '159920', '159928', '159930', '159938', '159939', '159966', '159967', '159995', '159996', '510050', '510180', '510300', '510500', '510760', '510880', '510900', '512010', '512100', '512260', '512290', '512480', '512580', '512660', '512690', '512750', '512980', '513050', '513060', '513290', '513310', '513330', '513630', '513730', '513970', '515010', '515050', '515080', '515170', '515220', '515400', '515450', '515580', '515650', '515700', '515750', '515790', '515800', '515860', '515980', '516050', '516080', '516160', '516310', '516670', '517300', '517520', '518850', '520500', '520550', '560080', '560500', '560610', '562000', '562060', '562310', '562320', '562500', '563000', '563020', '588000', '588030']",100,0.02753382669054287,0.0,0.0,0.0,0.02753382669054287,"['520500', '159518', '513060', '513310', '515050', '520550', '516310', '515860', '159715', '159502']",10,0.0216183342143453,0.6,0.0006,0.0003,0.0207183342143453
2025-06-27,deepseek-chat,True,False,False,False,momentum_20,"['159687', '159916', '515010', '510500', '516310', '517520', '516160', '515050', '510880', '159910']",10,0.012592607731429112,0.6,0.0006,0.0003,0.011692607731429112,"['159687', '159916', '515010', '510500', '516310', '517520', '516160', '515050', '510880', '159910']",10,0.012592607731429112,0.6,0.0006,0.0003,0.011692607731429112,['510300'],1,0.01796875,0.0,0.0,0.0,0.01796875,"['159201', '159307', '159399', '159502', '159509', '159518', '159520', '159529', '159531', '159572', '159628', '159682', '159687', '159691', '159715', '159781', '159807', '159825', '159837', '159847', '159852', '159871', '159883', '159901', '159903', '159905', '159910', '159915', '159916', '159920', '159928', '159930', '159938', '159939', '159966', '159967', '159995', '159996', '510050', '510180', '510300', '510500', '510760', '510880', '510900', '512010', '512100', '512260', '512290', '512480', '512580', '512660', '512690', '512750', '512980', '513050', '513060', '513290', '513310', '513330', '513630', '513730', '513970', '515010', '515050', '515080', '515170', '515220', '515400', '515450', '515580', '515650', '515700', '515750', '515790', '515800', '515860', '515980', '516050', '516080', '516160', '516310', '516670', '517300', '517520', '518850', '520500', '520550', '560080', '560500', '560610', '562000', '562060', '562310', '562320', '562500', '563000', '563020', '588000', '588030']",100,0.012202132521943774,0.0,0.0,0.0,0.012202132521943774,"['515050', '513310', '520500', '515010', '159871', '159967', '159687', '516310', '159715', '513060']",10,0.014610878719931473,0.39999999999999997,0.00039999999999999996,0.00019999999999999998,0.014010878719931473
2025-07-04,deepseek-chat,True,False,False,False,momentum_20,"['510500', '510180', '159916', '510300', '516310', '510880', '515010', '510050', '159901', '512100']",10,0.01770365865800246,0.49999999999999994,0.0004999999999999999,0.00024999999999999995,0.016953658658002458,"['520500', '516310', '515860', '159682', '159518', '520550', '515790', '515010', '159915', '159967']",10,0.02359063501089052,0.8000000000000002,0.0008000000000000001,0.0004000000000000001,0.02239063501089052,['510300'],1,0.0120235354310564,0.0,0.0,0.0,0.0120235354310564,"['159201', '159307', '159399', '159502', '159509', '159518', '159520', '159529', '159531', '159572', '159628', '159682', '159687', '159691', '159715', '159781', '159807', '159825', '159837', '159847', '159852', '159871', '159883', '159901', '159903', '159905', '159910', '159915', '159916', '159920', '159928', '159930', '159938', '159939', '159966', '159967', '159995', '159996', '510050', '510180', '510300', '510500', '510760', '510880', '510900', '512010', '512100', '512260', '512290', '512480', '512580', '512660', '512690', '512750', '512980', '513050', '513060', '513290', '513310', '513330', '513630', '513730', '513970', '515010', '515050', '515080', '515170', '515220', '515400', '515450', '515580', '515650', '515700', '515750', '515790', '515800', '515860', '515980', '516050', '516080', '516160', '516310', '516670', '517300', '517520', '518850', '520500', '520550', '560080', '560500', '560610', '562000', '562060', '562310', '562320', '562500', '563000', '563020', '588000', '588030']",100,0.01604932045020982,0.0,0.0,0.0,0.01604932045020982,"['520500', '515050', '516310', '513060', '515860', '159682', '159509', '516160', '512660', '159518']",10,0.015034812486663218,0.6,0.0006,0.0003,0.014134812486663218
2025-07-11,deepseek-chat,True,False,False,False,momentum_20,"['159715', '510180', '515010', '510300', '510050', '510500', '159920', '512750', '510760', '510880']",10,0.00824688918826382,0.39999999999999997,0.00039999999999999996,0.00019999999999999998,0.007646889188263821,"['159715', '510180', '515010', '510300', '510050', '510500', '159920', '512750', '510760', '510880']",10,0.00824688918826382,0.9000000000000002,0.0009000000000000003,0.00045000000000000015,0.006896889188263819,['510300'],1,0.013397371081901,0.0,0.0,0.0,0.013397371081901,"['159201', '159307', '159399', '159502', '159509', '159518', '159520', '159529', '159531', '159572', '159628', '159682', '159687', '159691', '159715', '159781', '159807', '159825', '159837', '159847', '159852', '159871', '159883', '159901', '159903', '159905', '159910', '159915', '159916', '159920', '159928', '159930', '159938', '159939', '159966', '159967', '159995', '159996', '510050', '510180', '510300', '510500', '510760', '510880', '510900', '512010', '512100', '512260', '512290', '512480', '512580', '512660', '512690', '512750', '512980', '513050', '513060', '513290', '513310', '513330', '513630', '513730', '513970', '515010', '515050', '515080', '515170', '515220', '515400', '515450', '515580', '515650', '515700', '515750', '515790', '515800', '515860', '515980', '516050', '516080', '516160', '516310', '516670', '517300', '517520', '518850', '520500', '520550', '560080', '560500', '560610', '562000', '562060', '562310', '562320', '562500', '563000', '563020', '588000', '588030']",100,0.01866608693867891,0.0,0.0,0.0,0.01866608693867891,"['515790', '515050', '159715', '515010', '516160', '159509', '159682', '159967', '516310', '159915']",10,0.02093974940409622,0.49999999999999994,0.0004999999999999999,0.00024999999999999995,0.020189749404096218
2025-07-18,deepseek-chat,True,False,False,False,momentum_20,"['159518', '159715', '159916', '510880', '513310', '159502', '513290', '510180', '159905', '159930']",10,0.022249694664899643,0.7000000000000001,0.0007000000000000001,0.00035000000000000005,0.021199694664899644,"['159518', '159715', '159916', '510880', '513310', '159502', '513290', '510180', '159905', '159930']",10,0.022249694664899643,0.7000000000000001,0.0007000000000000001,0.00035000000000000005,0.021199694664899644,['510300'],1,0.0177101521576452,0.0,0.0,0.0,0.0177101521576452,"['159201', '159307', '159399', '159502', '159509', '159518', '159520', '159529', '159531', '159572', '159628', '159682', '159687', '159691', '159715', '159781', '159807', '159825', '159837', '159847', '159852', '159871', '159883', '159901', '159903', '159905', '159910', '159915', '159916', '159920', '159928', '159930', '159938', '159939', '159966', '159967', '159995', '159996', '510050', '510180', '510300', '510500', '510760', '510880', '510900', '512010', '512100', '512260', '512290', '512480', '512580', '512660', '512690', '512750', '512980', '513050', '513060', '513290', '513310', '513330', '513630', '513730', '513970', '515010', '515050', '515080', '515170', '515220', '515400', '515450', '515580', '515650', '515700', '515750', '515790', '515800', '515860', '515980', '516050', '516080', '516160', '516310', '516670', '517300', '517520', '518850', '520500', '520550', '560080', '560500', '560610', '562000', '562060', '562310', '562320', '562500', '563000', '563020', '588000', '588030']",100,0.022031395001035504,0.0,0.0,0.0,0.022031395001035504,"['520500', '515050', '513060', '159715', '159682', '515980', '516080', '159915', '159509', '516050']",10,0.02161348713756239,0.49999999999999994,0.0004999999999999999,0.00024999999999999995,0.02086348713756239
2025-07-25,deepseek-chat,True,False,False,False,momentum_20,"['159502', '159518', '159847', '513290', '513310', '510880', '159930', '515220', '515450', '159687']",10,-0.020403927699897417,0.39999999999999997,0.00039999999999999996,0.00019999999999999998,-0.021003927699897416,"['159847', '515220', '159837', '159883', '512010', '159938', '159502', '513290', '159995', '159691']",10,-0.005459557942306061,0.8000000000000002,0.0008000000000000001,0.0004000000000000001,-0.006659557942306061,['510300'],1,-0.017156862745098,0.0,0.0,0.0,-0.017156862745098,"['159201', '159307', '159399', '159502', '159509', '159518', '159520', '159529', '159531', '159572', '159628', '159682', '159687', '159691', '159715', '159781', '159807', '159825', '159837', '159847', '159852', '159871', '159883', '159901', '159903', '159905', '159910', '159915', '159916', '159920', '159928', '159930', '159938', '159939', '159966', '159967', '159995', '159996', '510050', '510180', '510300', '510500', '510760', '510880', '510900', '512010', '512100', '512260', '512290', '512480', '512580', '512660', '512690', '512750', '512980', '513050', '513060', '513290', '513310', '513330', '513630', '513730', '513970', '515010', '515050', '515080', '515170', '515220', '515400', '515450', '515580', '515650', '515700', '515750', '515790', '515800', '515860', '515980', '516050', '516080', '516160', '516310', '516670', '517300', '517520', '518850', '520500', '520550', '560080', '560500', '560610', '562000', '562060', '562310', '562320', '562500', '563000', '563020', '588000', '588030']",100,-0.01148122807576328,0.0,0.0,0.0,-0.01148122807576328,"['159715', '520500', '513060', '515050', '516080', '515790', '515220', '159837', '159847', '159871']",10,-0.0009741150448910497,0.49999999999999994,0.0004999999999999999,0.00024999999999999995,-0.0017241150448910495
2025-08-01,deepseek-chat,True,False,False,False,momentum_20,"['510500', '159916', '560080', '516160', '159910', '513310', '517520', '512290', '159901', '159837']",10,0.014084870452331972,0.9000000000000002,0.0009000000000000003,0.00045000000000000015,0.012734870452331971,"['510500', '159916', '560080', '516160', '159910', '513310', '517520', '512290', '159901', '159837']",10,0.014084870452331972,0.9000000000000002,0.0009000000000000003,0.00045000000000000015,0.012734870452331971,['510300'],1,0.0124688279301745,0.0,0.0,0.0,0.0124688279301745,"['159201', '159307', '159399', '159502', '159509', '159518', '159520', '159529', '159531', '159572', '159628', '159682', '159687', '159691', '159715', '159781', '159807', '159825', '159837', '159847', '159852', '159871', '159883', '159901', '159903', '159905', '159910', '159915', '159916', '159920', '159928', '159930', '159938', '159939', '159966', '159967', '159995', '159996', '510050', '510180', '510300', '510500', '510760', '510880', '510900', '512010', '512100', '512260', '512290', '512480', '512580', '512660', '512690', '512750', '512980', '513050', '513060', '513290', '513310', '513330', '513630', '513730', '513970', '515010', '515050', '515080', '515170', '515220', '515400', '515450', '515580', '515650', '515700', '515750', '515790', '515800', '515860', '515980', '516050', '516080', '516160', '516310', '516670', '517300', '517520', '518850', '520500', '520550', '560080', '560500', '560610', '562000', '562060', '562310', '562320', '562500', '563000', '563020', '588000', '588030']",100,0.012966581304516632,0.0,0.0,0.0,0.012966581304516632,"['520500', '159715', '513060', '515050', '515980', '516080', '159837', '159847', '512290', '516050']",10,-6.888956074038999e-05,0.3,0.0003,0.00015,-0.0005188895607403899
2025-08-08,deepseek-chat,True,False,False,False,momentum_20,"['510500', '516160', '510180', '513290', '513730', '159901', '159871', '159518', '159852', '515790']",10,0.040677854406127874,0.7000000000000001,0.0007000000000000001,0.00035000000000000005,0.03962785440612787,"['510500', '516160', '510180', '513290', '513730', '159901', '159871', '159518', '159852', '515790']",10,0.040677854406127874,0.7000000000000001,0.0007000000000000001,0.00035000000000000005,0.03962785440612787,['510300'],1,0.0275862068965517,0.0,0.0,0.0,0.0275862068965517,"['159201', '159307', '159399', '159502', '159509', '159518', '159520', '159529', '159531', '159572', '159628', '159682', '159687', '159691', '159715', '159781', '159807', '159825', '159837', '159847', '159852', '159871', '159883', '159901', '159903', '159905', '159910', '159915', '159916', '159920', '159928', '159930', '159938', '159939', '159966', '159967', '159995', '159996', '510050', '510180', '510300', '510500', '510760', '510880', '510900', '512010', '512100', '512260', '512290', '512480', '512580', '512660', '512690', '512750', '512980', '513050', '513060', '513290', '513310', '513330', '513630', '513730', '513970', '515010', '515050', '515080', '515170', '515220', '515400', '515450', '515580', '515650', '515700', '515750', '515790', '515800', '515860', '515980', '516050', '516080', '516160', '516310', '516670', '517300', '517520', '518850', '520500', '520550', '560080', '560500', '560610', '562000', '562060', '562310', '562320', '562500', '563000', '563020', '588000', '588030']",100,0.03282166827677287,0.0,0.0,0.0,0.03282166827677287,"['520500', '513060', '515050', '159715', '515980', '562500', '159871', '588030', '512660', '516080']",10,0.057173381657774636,0.39999999999999997,0.00039999999999999996,0.00019999999999999998,0.05657338165777464
2025-08-15,deepseek-chat,True,False,False,False,momentum_20,"['515010', '159967', '159916', '515790', '159852', '159871', '588030', '516160', '159682', '159531']",10,0.04306493152942985,0.6,0.0006,0.0003,0.04216493152942984,"['515010', '159967', '159916', '515790', '159852', '159871', '588030', '516160', '159682', '159531']",10,0.04306493152942985,0.6,0.0006,0.0003,0.04216493152942984,['510300'],1,0.0441035474592521,0.0,0.0,0.0,0.0441035474592521,"['159201', '159307', '159399', '159502', '159509', '159518', '159520', '159529', '159531', '159572', '159628', '159682', '159687', '159691', '159715', '159781', '159807', '159825', '159837', '159847', '159852', '159871', '159883', '159901', '159903', '159905', '159910', '159915', '159916', '159920', '159928', '159930', '159938', '159939', '159966', '159967', '159995', '159996', '510050', '510180', '510300', '510500', '510760', '510880', '510900', '512010', '512100', '512260', '512290', '512480', '512580', '512660', '512690', '512750', '512980', '513050', '513060', '513290', '513310', '513330', '513630', '513730', '513970', '515010', '515050', '515080', '515170', '515220', '515400', '515450', '515580', '515650', '515700', '515750', '515790', '515800', '515860', '515980', '516050', '516080', '516160', '516310', '516670', '517300', '517520', '518850', '520500', '520550', '560080', '560500', '560610', '562000', '562060', '562310', '562320', '562500', '563000', '563020', '588000', '588030']",100,0.03559788340588946,0.0,0.0,0.0,0.03559788340588946,"['515980', '515050', '588030', '159715', '159967', '159682', '159781', '159871', '512480', '159915']",10,0.08157019301446285,0.49999999999999994,0.0004999999999999999,0.00024999999999999995,0.08082019301446285
2025-08-22,deepseek-chat,True,False,False,False,momentum_20,"['513310', '159781', '512480', '159995', '515980', '159807', '159939', '588000', '516050', '588030']",10,0.07611720307823208,0.9000000000000002,0.0009000000000000003,0.00045000000000000015,0.07476720307823208,"['513310', '159781', '512480', '159995', '515980', '159807', '159939', '588000', '516050', '588030']",10,0.07611720307823208,0.9000000000000002,0.0009000000000000003,0.00045000000000000015,0.07476720307823208,['510300'],1,0.0280073461891643,0.0,0.0,0.0,0.0280073461891643,"['159201', '159307', '159399', '159502', '159509', '159518', '159520', '159529', '159531', '159572', '159628', '159682', '159687', '159691', '159715', '159781', '159807', '159825', '159837', '159847', '159852', '159871', '159883', '159901', '159903', '159905', '159910', '159915', '159916', '159920', '159928', '159930', '159938', '159939', '159966', '159967', '159995', '159996', '510050', '510180', '510300', '510500', '510760', '510880', '510900', '512010', '512100', '512260', '512290', '512480', '512580', '512660', '512690', '512750', '512980', '513050', '513060', '513290', '513310', '513330', '513630', '513730', '513970', '515010', '515050', '515080', '515170', '515220', '515400', '515450', '515580', '515650', '515700', '515750', '515790', '515800', '515860', '515980', '516050', '516080', '516160', '516310', '516670', '517300', '517520', '518850', '520500', '520550', '560080', '560500', '560610', '562000', '562060', '562310', '562320', '562500', '563000', '563020', '588000', '588030']",100,0.024429838442043227,0.0,0.0,0.0,0.024429838442043227,"['515980', '515050', '512480', '159995', '159781', '588000', '159807', '516050', '159939', '515860']",10,0.09043004299609313,0.6,0.0006,0.0003,0.08953004299609313
2025-08-29,deepseek-chat,True,False,False,False,momentum_20,"['515700', '520500', '513970', '513060', '510880', '516080', '159837', '512010', '516310', '512580']",10,0.037644708701275634,1.0000000000000002,0.0010000000000000002,0.0005000000000000001,0.03614470870127563,"['515700', '520500', '513970', '513060', '510880', '516080', '159837', '512010', '516310', '512580']",10,0.037644708701275634,1.0000000000000002,0.0010000000000000002,0.0005000000000000001,0.03614470870127563,['510300'],1,-0.0104957570343903,0.0,0.0,0.0,-0.0104957570343903,"['159201', '159307', '159399', '159502', '159509', '159518', '159520', '159529', '159531', '159572', '159628', '159682', '159687', '159691', '159715', '159781', '159807', '159825', '159837', '159847', '159852', '159871', '159883', '159901', '159903', '159905', '159910', '159915', '159916', '159920', '159928', '159930', '159938', '159939', '159966', '159967', '159995', '159996', '510050', '510180', '510300', '510500', '510760', '510880', '510900', '512010', '512100', '512260', '512290', '512480', '512580', '512660', '512690', '512750', '512980', '513050', '513060', '513290', '513310', '513330', '513630', '513730', '513970', '515010', '515050', '515080', '515170', '515220', '515400', '515450', '515580', '515650', '515700', '515750', '515790', '515800', '515860', '515980', '516050', '516080', '516160', '516310', '516670', '517300', '517520', '518850', '520500', '520550', '560080', '560500', '560610', '562000', '562060', '562310', '562320', '562500', '563000', '563020', '588000', '588030']",100,-0.0037431823231532896,0.0,0.0,0.0,-0.0037431823231532896,"['515980', '515050', '159781', '159995', '159715', '512480', '588000', '159682', '159807', '516050']",10,-0.03556036548006343,0.2,0.0002,0.0001,-0.03586036548006343
2025-09-05,deepseek-chat,True,False,False,False,momentum_20,"['515050', '515980', '159781', '515860', '159682', '516050', '159995', '515790', '159967', '159715']",10,0.04007341573928228,1.0000000000000002,0.0010000000000000002,0.0005000000000000001,0.03857341573928228,"['515050', '515980', '159781', '159682', '515790', '159915', '516160', '515700', '159967', '159995']",10,0.029670112241132952,0.9000000000000002,0.0009000000000000003,0.00045000000000000015,0.028320112241132952,['510300'],1,0.0151207402392237,0.0,0.0,0.0,0.0151207402392237,"['159201', '159307', '159399', '159502', '159509', '159518', '159520', '159529', '159531', '159572', '159628', '159682', '159687', '159691', '159715', '159781', '159807', '159825', '159837', '159847', '159852', '159871', '159883', '159901', '159903', '159905', '159910', '159915', '159916', '159920', '159928', '159930', '159938', '159939', '159966', '159967', '159995', '159996', '510050', '510180', '510300', '510500', '510760', '510880', '510900', '512010', '512100', '512260', '512290', '512480', '512580', '512660', '512690', '512750', '512980', '513050', '513060', '513290', '513310', '513330', '513630', '513730', '513970', '515010', '515050', '515080', '515170', '515220', '515400', '515450', '515580', '515650', '515700', '515750', '515790', '515800', '515860', '515980', '516050', '516080', '516160', '516310', '516670', '517300', '517520', '518850', '520500', '520550', '560080', '560500', '560610', '562000', '562060', '562310', '562320', '562500', '563000', '563020', '588000', '588030']",100,0.021110032257954575,0.0,0.0,0.0,0.021110032257954575,"['515980', '515050', '159781', '159682', '159915', '516160', '515790', '159807', '516050', '515700']",10,0.02784809245936099,0.39999999999999997,0.00039999999999999996,0.00019999999999999998,0.027248092459360992
2025-09-12,deepseek-chat,True,False,False,False,momentum_20,"['512260', '512480', '159871', '159995', '516080', '517520', '159837', '512690', '159852', '159939']",10,-0.005931024895750288,0.9000000000000002,0.0009000000000000003,0.00045000000000000015,-0.007281024895750289,"['512260', '512480', '159871', '159995', '516080', '517520', '159837', '512690', '159852', '159939']",10,-0.005931024895750288,0.9000000000000002,0.0009000000000000003,0.00045000000000000015,-0.007281024895750289,['510300'],1,-0.003779457536683,0.0,0.0,0.0,-0.003779457536683,"['159201', '159307', '159399', '159502', '159509', '159518', '159520', '159529', '159531', '159572', '159628', '159682', '159687', '159691', '159715', '159781', '159807', '159825', '159837', '159847', '159852', '159871', '159883', '159901', '159903', '159905', '159910', '159915', '159916', '159920', '159928', '159930', '159938', '159939', '159966', '159967', '159995', '159996', '510050', '510180', '510300', '510500', '510760', '510880', '510900', '512010', '512100', '512260', '512290', '512480', '512580', '512660', '512690', '512750', '512980', '513050', '513060', '513290', '513310', '513330', '513630', '513730', '513970', '515010', '515050', '515080', '515170', '515220', '515400', '515450', '515580', '515650', '515700', '515750', '515790', '515800', '515860', '515980', '516050', '516080', '516160', '516310', '516670', '517300', '517520', '518850', '520500', '520550', '560080', '560500', '560610', '562000', '562060', '562310', '562320', '562500', '563000', '563020', '588000', '588030']",100,0.0007077603238849514,0.0,0.0,0.0,0.0007077603238849514,"['515050', '515980', '159781', '159682', '159995', '517520', '588000', '159807', '516050', '515700']",10,0.015994625478899537,0.3,0.0003,0.00015,0.015544625478899534
2025-09-19,deepseek-chat,True,False,False,False,momentum_20,"['517520', '515050', '516160', '515980', '515700', '159871', '159847', '516080', '159837', '159781']",10,0.02012023819362039,0.6,0.0006,0.0003,0.019220238193620388,"['517520', '515050', '516160', '515980', '515700', '159871', '159847', '516080', '159837', '159781']",10,0.02012023819362039,0.6,0.0006,0.0003,0.019220238193620388,['510300'],1,0.0104887301941529,0.0,0.0,0.0,0.0104887301941529,"['159201', '159307', '159399', '159502', '159509', '159518', '159520', '159529', '159531', '159572', '159628', '159682', '159687', '159691', '159715', '159781', '159807', '159825', '159837', '159847', '159852', '159871', '159883', '159901', '159903', '159905', '159910', '159915', '159916', '159920', '159928', '159930', '159938', '159939', '159966', '159967', '159995', '159996', '510050', '510180', '510300', '510500', '510760', '510880', '510900', '512010', '512100', '512260', '512290', '512480', '512580', '512660', '512690', '512750', '512980', '513050', '513060', '513290', '513310', '513330', '513630', '513730', '513970', '515010', '515050', '515080', '515170', '515220', '515400', '515450', '515580', '515650', '515700', '515750', '515790', '515800', '515860', '515980', '516050', '516080', '516160', '516310', '516670', '517300', '517520', '518850', '520500', '520550', '560080', '560500', '560610', '562000', '562060', '562310', '562320', '562500', '563000', '563020', '588000', '588030']",100,0.005807320104548197,0.0,0.0,0.0,0.005807320104548197,"['515050', '515700', '159781', '159682', '517520', '516160', '513310', '515980', '159915', '512580']",10,0.034535407300207994,0.39999999999999997,0.00039999999999999996,0.00019999999999999998,0.033935407300208
2025-09-26,deepseek-chat,True,False,False,False,momentum_20,"['517520', '159967', '515050', '159682', '159781', '515980', '159939', '515700', '159995', '159871']",10,0.02044613396431803,0.39999999999999997,0.00039999999999999996,0.00019999999999999998,0.01984613396431803,"['517520', '159967', '515050', '159682', '159781', '515980', '159939', '515700', '159995', '159871']",10,0.02044613396431803,0.39999999999999997,0.00039999999999999996,0.00019999999999999998,0.01984613396431803,['510300'],1,0.0090547703180212,0.0,0.0,0.0,0.0090547703180212,"['159201', '159307', '159399', '159502', '159509', '159518', '159520', '159529', '159531', '159572', '159628', '159682', '159687', '159691', '159715', '159781', '159807', '159825', '159837', '159847', '159852', '159871', '159883', '159901', '159903', '159905', '159910', '159915', '159916', '159920', '159928', '159930', '159938', '159939', '159966', '159967', '159995', '159996', '510050', '510180', '510300', '510500', '510760', '510880', '510900', '512010', '512100', '512260', '512290', '512480', '512580', '512660', '512690', '512750', '512980', '513050', '513060', '513290', '513310', '513330', '513630', '513730', '513970', '515010', '515050', '515080', '515170', '515220', '515400', '515450', '515580', '515650', '515700', '515750', '515790', '515800', '515860', '515980', '516050', '516080', '516160', '516310', '516670', '517300', '517520', '518850', '520500', '520550', '560080', '560500', '560610', '562000', '562060', '562310', '562320', '562500', '563000', '563020', '588000', '588030']",100,0.008729229309421788,0.0,0.0,0.0,0.008729229309421788,"['515700', '516160', '512580', '513310', '513050', '517520', '513330', '515790', '159781', '159995']",10,0.022886343854987754,0.39999999999999997,0.00039999999999999996,0.00019999999999999998,0.022286343854987754
2025-09-30,deepseek-chat,True,False,False,False,momentum_20,"['515050', '159967', '512290', '159837', '512010', '159847', '515980', '588030', '512660', '516080']",10,-0.05432151365157193,0.7000000000000001,0.0007000000000000001,0.00035000000000000005,-0.05537151365157193,"['515050', '159967', '512290', '159837', '512010', '159847', '515980', '588030', '512660', '516080']",10,-0.05432151365157193,0.7000000000000001,0.0007000000000000001,0.00035000000000000005,-0.05537151365157193,['510300'],1,-0.0075790385448246,0.0,0.0,0.0,-0.0075790385448246,"['159201', '159307', '159399', '159502', '159509', '159518', '159520', '159529', '159531', '159572', '159628', '159682', '159687', '159691', '159715', '159781', '159807', '159825', '159837', '159847', '159852', '159871', '159883', '159901', '159903', '159905', '159910', '159915', '159916', '159920', '159928', '159930', '159938', '159939', '159966', '159967', '159995', '159996', '510050', '510180', '510300', '510500', '510760', '510880', '510900', '512010', '512100', '512260', '512290', '512480', '512580', '512660', '512690', '512750', '512980', '513050', '513060', '513290', '513310', '513330', '513630', '513730', '513970', '515010', '515050', '515080', '515170', '515220', '515400', '515450', '515580', '515650', '515700', '515750', '515790', '515800', '515860', '515980', '516050', '516080', '516160', '516310', '516670', '517300', '517520', '518850', '520500', '520550', '560080', '560500', '560610', '562000', '562060', '562310', '562320', '562500', '563000', '563020', '588000', '588030']",100,-0.012034480401298998,0.0,0.0,0.0,-0.012034480401298998,"['515700', '516160', '512580', '513310', '515790', '513330', '512480', '159995', '159682', '513050']",10,-0.03813475029686947,0.2,0.0002,0.0001,-0.03843475029686947
2025-10-10,deepseek-chat,True,False,False,False,momentum_20,"['515980', '159939', '159781', '159967', '159966', '515400', '159807', '516050', '159852', '515790']",10,-0.0579083495504635,0.8000000000000002,0.0008000000000000001,0.0004000000000000001,-0.0591083495504635,"['515980', '159939', '159781', '159967', '159966', '515400', '159807', '516050', '159852', '515790']",10,-0.0579083495504635,0.8000000000000002,0.0008000000000000001,0.0004000000000000001,-0.0591083495504635,['510300'],1,-0.0206701479547432,0.0,0.0,0.0,-0.0206701479547432,"['159201', '159307', '159399', '159502', '159509', '159518', '159520', '159529', '159531', '159572', '159628', '159682', '159687', '159691', '159715', '159781', '159807', '159825', '159837', '159847', '159852', '159871', '159883', '159901', '159903', '159905', '159910', '159915', '159916', '159920', '159928', '159930', '159938', '159939', '159966', '159967', '159995', '159996', '510050', '510180', '510300', '510500', '510760', '510880', '510900', '512010', '512100', '512260', '512290', '512480', '512580', '512660', '512690', '512750', '512980', '513050', '513060', '513290', '513310', '513330', '513630', '513730', '513970', '515010', '515050', '515080', '515170', '515220', '515400', '515450', '515580', '515650', '515700', '515750', '515790', '515800', '515860', '515980', '516050', '516080', '516160', '516310', '516670', '517300', '517520', '518850', '520500', '520550', '560080', '560500', '560610', '562000', '562060', '562310', '562320', '562500', '563000', '563020', '588000', '588030']",100,-0.029273278221825415,0.0,0.0,0.0,-0.029273278221825415,"['513310', '159995', '512480', '515700', '159871', '517520', '159939', '588000', '516160', '515050']",10,-0.04944511524092034,0.49999999999999994,0.0004999999999999999,0.00024999999999999995,-0.05019511524092034
2025-10-17,deepseek-chat,True,False,False,False,momentum_20,"['159715', '159871', '515790', '159966', '588030', '159572', '512980', '159939', '515700', '512480']",10,0.04158906185143296,0.7000000000000001,0.0007000000000000001,0.00035000000000000005,0.04053906185143296,"['159715', '159871', '515790', '159966', '588030', '159572', '512980', '159939', '515700', '512480']",10,0.04158906185143296,0.7000000000000001,0.0007000000000000001,0.00035000000000000005,0.04053906185143296,['510300'],1,0.03243723616974,0.0,0.0,0.0,0.03243723616974,"['159201', '159307', '159399', '159502', '159509', '159518', '159520', '159529', '159531', '159572', '159628', '159682', '159687', '159691', '159715', '159781', '159807', '159825', '159837', '159847', '159852', '159871', '159883', '159901', '159903', '159905', '159910', '159915', '159916', '159920', '159928', '159930', '159938', '159939', '159966', '159967', '159995', '159996', '510050', '510180', '510300', '510500', '510760', '510880', '510900', '512010', '512100', '512260', '512290', '512480', '512580', '512660', '512690', '512750', '512980', '513050', '513060', '513290', '513310', '513330', '513630', '513730', '513970', '515010', '515050', '515080', '515170', '515220', '515400', '515450', '515580', '515650', '515700', '515750', '515790', '515800', '515860', '515980', '516050', '516080', '516160', '516310', '516670', '517300', '517520', '518850', '520500', '520550', '560080', '560500', '560610', '562000', '562060', '562310', '562320', '562500', '563000', '563020', '588000', '588030']",100,0.030114869056323813,0.0,0.0,0.0,0.030114869056323813,"['518850', '513310', '159502', '517520', '515220', '159871', '159509', '513290', '512480', '159995']",10,0.0202474483093579,0.49999999999999994,0.0004999999999999999,0.00024999999999999995,0.0194974483093579
2025-10-24,deepseek-chat,True,False,False,False,momentum_20,"['159967', '515980', '159781', '159807', '159939', '515580', '159871', '512480', '515050', '159995']",10,-0.01876257494260869,0.7000000000000001,0.0007000000000000001,0.00035000000000000005,-0.01981257494260869,"['159967', '515980', '159781', '159807', '159939', '515580', '159871', '512480', '515050', '159995']",10,-0.01876257494260869,0.7000000000000001,0.0007000000000000001,0.00035000000000000005,-0.01981257494260869,['510300'],1,-0.0030126963632451,0.0,0.0,0.0,-0.0030126963632451,"['159201', '159307', '159399', '159502', '159509', '159518', '159520', '159529', '159531', '159572', '159628', '159682', '159687', '159691', '159715', '159781', '159807', '159825', '159837', '159847', '159852', '159871', '159883', '159901', '159903', '159905', '159910', '159915', '159916', '159920', '159928', '159930', '159938', '159939', '159966', '159967', '159995', '159996', '510050', '510180', '510300', '510500', '510760', '510880', '510900', '512010', '512100', '512260', '512290', '512480', '512580', '512660', '512690', '512750', '512980', '513050', '513060', '513290', '513310', '513330', '513630', '513730', '513970', '515010', '515050', '515080', '515170', '515220', '515400', '515450', '515580', '515650', '515700', '515750', '515790', '515800', '515860', '515980', '516050', '516080', '516160', '516310', '516670', '517300', '517520', '518850', '520500', '520550', '560080', '560500', '560610', '562000', '562060', '562310', '562320', '562500', '563000', '563020', '588000', '588030']",100,0.002407388176316674,0.0,0.0,0.0,0.002407388176316674,"['159871', '159502', '159509', '518850', '513310', '515220', '517520', '159930', '513290', '516160']",10,0.026049512331969893,0.2,0.0002,0.0001,0.025749512331969895
2025-10-31,deepseek-chat,True,False,False,False,momentum_20,"['515700', '520500', '159967', '512980', '512580', '516160', '515050', '515790', '516080', '513290']",10,0.012369807426520042,0.8000000000000002,0.0008000000000000001,0.0004000000000000001,0.011169807426520042,"['515700', '520500', '159967', '512980', '512580', '516160', '515050', '515790', '516080', '513290']",10,0.012369807426520042,0.8000000000000002,0.0008000000000000001,0.0004000000000000001,0.011169807426520042,['510300'],1,0.0084178717893372,0.0,0.0,0.0,0.0084178717893372,"['159201', '159307', '159399', '159502', '159509', '159518', '159520', '159529', '159531', '159572', '159628', '159682', '159687', '159691', '159715', '159781', '159807', '159825', '159837', '159847', '159852', '159871', '159883', '159901', '159903', '159905', '159910', '159915', '159916', '159920', '159928', '159930', '159938', '159939', '159966', '159967', '159995', '159996', '510050', '510180', '510300', '510500', '510760', '510880', '510900', '512010', '512100', '512260', '512290', '512480', '512580', '512660', '512690', '512750', '512980', '513050', '513060', '513290', '513310', '513330', '513630', '513730', '513970', '515010', '515050', '515080', '515170', '515220', '515400', '515450', '515580', '515650', '515700', '515750', '515790', '515800', '515860', '515980', '516050', '516080', '516160', '516310', '516670', '517300', '517520', '518850', '520500', '520550', '560080', '560500', '560610', '562000', '562060', '562310', '562320', '562500', '563000', '563020', '588000', '588030']",100,0.001866992810504563,0.0,0.0,0.0,0.001866992810504563,"['513310', '159502', '159871', '513290', '159509', '515220', '159715', '516160', '518850', '159930']",10,0.00989077699571803,0.1,0.0001,5e-05,0.00974077699571803
2025-11-07,deepseek-chat,True,False,False,False,momentum_20,"['515790', '159687', '513290', '512580', '159967', '520500', '515220', '159502', '159781', '159529']",10,-0.006528493086786121,0.49999999999999994,0.0004999999999999999,0.00024999999999999995,-0.00727849308678612,"['515790', '159687', '513290', '512580', '159967', '520500', '515220', '159502', '159781', '159529']",10,-0.006528493086786121,0.49999999999999994,0.0004999999999999999,0.00024999999999999995,-0.00727849308678612,['510300'],1,-0.011558219178082,0.0,0.0,0.0,-0.011558219178082,"['159201', '159307', '159399', '159502', '159509', '159518', '159520', '159529', '159531', '159572', '159628', '159682', '159687', '159691', '159715', '159781', '159807', '159825', '159837', '159847', '159852', '159871', '159883', '159901', '159903', '159905', '159910', '159915', '159916', '159920', '159928', '159930', '159938', '159939', '159966', '159967', '159995', '159996', '510050', '510180', '510300', '510500', '510760', '510880', '510900', '512010', '512100', '512260', '512290', '512480', '512580', '512660', '512690', '512750', '512980', '513050', '513060', '513290', '513310', '513330', '513630', '513730', '513970', '515010', '515050', '515080', '515170', '515220', '515400', '515450', '515580', '515650', '515700', '515750', '515790', '515800', '515860', '515980', '516050', '516080', '516160', '516310', '516670', '517300', '517520', '518850', '520500', '520550', '560080', '560500', '560610', '562000', '562060', '562310', '562320', '562500', '563000', '563020', '588000', '588030']",100,-0.004465756747918481,0.0,0.0,0.0,-0.004465756747918481,"['515790', '513310', '516160', '515220', '512580', '159930', '159509', '513290', '516310', '520550']",10,-0.01012295186587563,0.39999999999999997,0.00039999999999999996,0.00019999999999999998,-0.01072295186587563
2025-11-14,deepseek-chat,True,False,False,False,momentum_20,"['515790', '516160', '512580', '159509', '512690', '159518', '515170', '560080', '513290', '520500']",10,-0.05360016039333829,0.6,0.0006,0.0003,-0.0545001603933383,"['515790', '516160', '512580', '159509', '512690', '159518', '515170', '560080', '513290', '520500']",10,-0.05360016039333829,0.6,0.0006,0.0003,-0.0545001603933383,['510300'],1,-0.0383282806409702,0.0,0.0,0.0,-0.0383282806409702,"['159201', '159307', '159399', '159502', '159509', '159518', '159520', '159529', '159531', '159572', '159628', '159682', '159687', '159691', '159715', '159781', '159807', '159825', '159837', '159847', '159852', '159871', '159883', '159901', '159903', '159905', '159910', '159915', '159916', '159920', '159928', '159930', '159938', '159939', '159966', '159967', '159995', '159996', '510050', '510180', '510300', '510500', '510760', '510880', '510900', '512010', '512100', '512260', '512290', '512480', '512580', '512660', '512690', '512750', '512980', '513050', '513060', '513290', '513310', '513330', '513630', '513730', '513970', '515010', '515050', '515080', '515170', '515220', '515400', '515450', '515580', '515650', '515700', '515750', '515790', '515800', '515860', '515980', '516050', '516080', '516160', '516310', '516670', '517300', '517520', '518850', '520500', '520550', '560080', '560500', '560610', '562000', '562060', '562310', '562320', '562500', '563000', '563020', '588000', '588030']",100,-0.04428228666706271,0.0,0.0,0.0,-0.04428228666706271,"['516160', '515790', '512580', '515700', '513290', '513310', '159201', '159930', '513630', '562060']",10,-0.06433711957616041,0.39999999999999997,0.00039999999999999996,0.00019999999999999998,-0.06493711957616041
2025-11-21,deepseek-chat,True,False,False,False,momentum_20,"['159916', '159871', '512580', '159531', '515790', '516160', '159903', '515700', '512980', '159628']",10,0.029699299811924835,0.7000000000000001,0.0007000000000000001,0.00035000000000000005,0.028649299811924836,"['159916', '159871', '512580', '159531', '515790', '516160', '159903', '515700', '512980', '159628']",10,0.029699299811924835,0.7000000000000001,0.0007000000000000001,0.00035000000000000005,0.028649299811924836,['510300'],1,0.0159873902274261,0.0,0.0,0.0,0.0159873902274261,"['159201', '159307', '159399', '159502', '159509', '159518', '159520', '159529', '159531', '159572', '159628', '159682', '159687', '159691', '159715', '159781', '159807', '159825', '159837', '159847', '159852', '159871', '159883', '159901', '159903', '159905', '159910', '159915', '159916', '159920', '159928', '159930', '159938', '159939', '159966', '159967', '159995', '159996', '510050', '510180', '510300', '510500', '510760', '510880', '510900', '512010', '512100', '512260', '512290', '512480', '512580', '512660', '512690', '512750', '512980', '513050', '513060', '513290', '513310', '513330', '513630', '513730', '513970', '515010', '515050', '515080', '515170', '515220', '515400', '515450', '515580', '515650', '515700', '515750', '515790', '515800', '515860', '515980', '516050', '516080', '516160', '516310', '516670', '517300', '517520', '518850', '520500', '520550', '560080', '560500', '560610', '562000', '562060', '562310', '562320', '562500', '563000', '563020', '588000', '588030']",100,0.025513513312963212,0.0,0.0,0.0,0.025513513312963212,"['513290', '159502', '513630', '159930', '516310', '563020', '520550', '515450', '512690', '562060']",10,0.02004646372471513,0.6,0.0006,0.0003,0.019146463724715127
2025-11-28,deepseek-chat,True,False,False,False,momentum_20,"['159502', '512980', '159518', '159531', '159628', '520550', '159825', '159715', '512660', '515700']",10,0.005864174379474499,0.6,0.0006,0.0003,0.0049641743794745,"['159502', '513290', '512980', '159518', '159531', '159628', '520550', '159825', '159715', '512660']",10,0.00732086171371957,0.7000000000000001,0.0007000000000000001,0.00035000000000000005,0.00627086171371957,['510300'],1,0.013962765957447,0.0,0.0,0.0,0.013962765957447,"['159201', '159307', '159399', '159502', '159509', '159518', '159520', '159529', '159531', '159572', '159628', '159682', '159687', '159691', '159715', '159781', '159807', '159825', '159837', '159847', '159852', '159871', '159883', '159901', '159903', '159905', '159910', '159915', '159916', '159920', '159928', '159930', '159938', '159939', '159966', '159967', '159995', '159996', '510050', '510180', '510300', '510500', '510760', '510880', '510900', '512010', '512100', '512260', '512290', '512480', '512580', '512660', '512690', '512750', '512980', '513050', '513060', '513290', '513310', '513330', '513630', '513730', '513970', '515010', '515050', '515080', '515170', '515220', '515400', '515450', '515580', '515650', '515700', '515750', '515790', '515800', '515860', '515980', '516050', '516080', '516160', '516310', '516670', '517300', '517520', '518850', '520500', '520550', '560080', '560500', '560610', '562000', '562060', '562310', '562320', '562500', '563000', '563020', '588000', '588030']",100,0.007447249220718207,0.0,0.0,0.0,0.007447249220718207,"['159502', '513290', '159518', '518850', '516310', '513630', '520550', '513970', '563020', '562060']",10,0.00552671706760551,0.3,0.0003,0.00015,0.00507671706760551
2025-12-05,deepseek-chat,True,False,False,False,momentum_20,"['515010', '159502', '512660', '159715', '159852', '517520', '159518', '159628', '159572', '159871']",10,-0.00217730940777393,0.49999999999999994,0.0004999999999999999,0.00024999999999999995,-0.00292730940777393,"['515010', '159502', '512660', '159715', '159852', '517520', '159518', '159628', '159572', '159871']",10,-0.00217730940777393,0.49999999999999994,0.0004999999999999999,0.00024999999999999995,-0.00292730940777393,['510300'],1,-0.0008743169398908,0.0,0.0,0.0,-0.0008743169398908,"['159201', '159307', '159399', '159502', '159509', '159518', '159520', '159529', '159531', '159572', '159628', '159682', '159687', '159691', '159715', '159781', '159807', '159825', '159837', '159847', '159852', '159871', '159883', '159901', '159903', '159905', '159910', '159915', '159916', '159920', '159928', '159930', '159938', '159939', '159966', '159967', '159995', '159996', '510050', '510180', '510300', '510500', '510760', '510880', '510900', '512010', '512100', '512260', '512290', '512480', '512580', '512660', '512690', '512750', '512980', '513050', '513060', '513290', '513310', '513330', '513630', '513730', '513970', '515010', '515050', '515080', '515170', '515220', '515400', '515450', '515580', '515650', '515700', '515750', '515790', '515800', '515860', '515980', '516050', '516080', '516160', '516310', '516670', '517300', '517520', '518850', '520500', '520550', '560080', '560500', '560610', '562000', '562060', '562310', '562320', '562500', '563000', '563020', '588000', '588030']",100,-0.0021912406369357477,0.0,0.0,0.0,-0.0021912406369357477,"['159502', '513290', '517520', '159518', '159509', '518850', '520500', '159871', '513970', '159529']",10,-0.01299761051594254,0.49999999999999994,0.0004999999999999999,0.00024999999999999995,-0.01374761051594254
2025-12-12,deepseek-chat,True,False,False,False,momentum_20,"['515050', '159916', '159967', '159939', '515750', '159518', '159509', '515860', '516050', '515980']",10,-0.01943716471284538,0.9000000000000002,0.0009000000000000003,0.00045000000000000015,-0.02078716471284538,"['515050', '159916', '159967', '159939', '515750', '159518', '159509', '515860', '516050', '515980']",10,-0.01943716471284538,0.9000000000000002,0.0009000000000000003,0.00045000000000000015,-0.02078716471284538,['510300'],1,-0.0013126230584116,0.0,0.0,0.0,-0.0013126230584116,"['159201', '159307', '159399', '159502', '159509', '159518', '159520', '159529', '159531', '159572', '159628', '159682', '159687', '159691', '159715', '159781', '159807', '159825', '159837', '159847', '159852', '159871', '159883', '159901', '159903', '159905', '159910', '159915', '159916', '159920', '159928', '159930', '159938', '159939', '159966', '159967', '159995', '159996', '510050', '510180', '510300', '510500', '510760', '510880', '510900', '512010', '512100', '512260', '512290', '512480', '512580', '512660', '512690', '512750', '512980', '513050', '513060', '513290', '513310', '513330', '513630', '513730', '513970', '515010', '515050', '515080', '515170', '515220', '515400', '515450', '515580', '515650', '515700', '515750', '515790', '515800', '515860', '515980', '516050', '516080', '516160', '516310', '516670', '517300', '517520', '518850', '520500', '520550', '560080', '560500', '560610', '562000', '562060', '562310', '562320', '562500', '563000', '563020', '588000', '588030']",100,-0.006100580887920402,0.0,0.0,0.0,-0.006100580887920402,"['515050', '159502', '159967', '159509', '513290', '515980', '516050', '512660', '159781', '515860']",10,-0.019186153639792185,0.7000000000000001,0.0007000000000000001,0.00035000000000000005,-0.020236153639792184
2025-12-19,deepseek-chat,True,False,False,False,momentum_20,"['159502', '516080', '513290', '515750', '159871', '512660', '159825', '159518', '159837', '159847']",10,0.02527752083246431,0.8000000000000002,0.0008000000000000001,0.0004000000000000001,0.02407752083246431,"['159502', '516080', '513290', '515750', '159871', '512660', '159825', '159518', '159837', '159847']",10,0.02527752083246431,0.8000000000000002,0.0008000000000000001,0.0004000000000000001,0.02407752083246431,['510300'],1,0.0210295728368015,0.0,0.0,0.0,0.0210295728368015,"['159201', '159307', '159399', '159502', '159509', '159518', '159520', '159529', '159531', '159572', '159628', '159682', '159687', '159691', '159715', '159781', '159807', '159825', '159837', '159847', '159852', '159871', '159883', '159901', '159903', '159905', '159910', '159915', '159916', '159920', '159928', '159930', '159938', '159939', '159966', '159967', '159995', '159996', '510050', '510180', '510300', '510500', '510760', '510880', '510900', '512010', '512100', '512260', '512290', '512480', '512580', '512660', '512690', '512750', '512980', '513050', '513060', '513290', '513310', '513330', '513630', '513730', '513970', '515010', '515050', '515080', '515170', '515220', '515400', '515450', '515580', '515650', '515700', '515750', '515790', '515800', '515860', '515980', '516050', '516080', '516160', '516310', '516670', '517300', '517520', '518850', '520500', '520550', '560080', '560500', '560610', '562000', '562060', '562310', '562320', '562500', '563000', '563020', '588000', '588030']",100,0.01953608948028165,0.0,0.0,0.0,0.01953608948028165,"['515050', '159967', '512660', '515860', '159871', '516050', '159781', '159509', '159529', '159682']",10,0.03749680394794931,0.3,0.0003,0.00015,0.03704680394794931
2025-12-26,deepseek-chat,True,False,False,False,momentum_20,"['159871', '515010', '512580', '562000', '159201', '159901', '159509', '515800', '159967', '159399']",10,0.027681455688033492,0.9000000000000002,0.0009000000000000003,0.00045000000000000015,0.02633145568803349,"['159871', '159967', '517520', '516160', '159807', '560500', '159903', '512580', '560610', '562310']",10,0.02879258262146562,0.9000000000000002,0.0009000000000000003,0.00045000000000000015,0.02744258262146562,['510300'],1,0.0289637416863335,0.0,0.0,0.0,0.0289637416863335,"['159201', '159307', '159399', '159502', '159509', '159518', '159520', '159529', '159531', '159572', '159628', '159682', '159687', '159691', '159715', '159781', '159807', '159825', '159837', '159847', '159852', '159871', '159883', '159901', '159903', '159905', '159910', '159915', '159916', '159920', '159928', '159930', '159938', '159939', '159966', '159967', '159995', '159996', '510050', '510180', '510300', '510500', '510760', '510880', '510900', '512010', '512100', '512260', '512290', '512480', '512580', '512660', '512690', '512750', '512980', '513050', '513060', '513290', '513310', '513330', '513630', '513730', '513970', '515010', '515050', '515080', '515170', '515220', '515400', '515450', '515580', '515650', '515700', '515750', '515790', '515800', '515860', '515980', '516050', '516080', '516160', '516310', '516670', '517300', '517520', '518850', '520500', '520550', '560080', '560500', '560610', '562000', '562060', '562310', '562320', '562500', '563000', '563020', '588000', '588030']",100,0.028795560821819412,0.0,0.0,0.0,0.028795560821819412,"['512660', '515050', '159967', '159871', '517520', '515860', '159682', '516050', '560500', '518850']",10,0.03224994044874006,0.3,0.0003,0.00015,0.03179994044874006
2025-12-31,deepseek-chat,True,False,False,False,momentum_20,"['512980', '517520', '159509', '159871', '159502', '159938', '515010', '513290', '159967', '510180']",10,0.04767385255742718,0.6,0.0006,0.0003,0.04677385255742717,"['512980', '517520', '159509', '159871', '159502', '159938', '515010', '513290', '159967', '510180']",10,0.04767385255742718,0.7000000000000001,0.0007000000000000001,0.00035000000000000005,0.046623852557427174,['510300'],1,0.0285097192224621,0.0,0.0,0.0,0.0285097192224621,"['159201', '159307', '159399', '159502', '159509', '159518', '159520', '159529', '159531', '159572', '159628', '159682', '159687', '159691', '159715', '159781', '159807', '159825', '159837', '159847', '159852', '159871', '159883', '159901', '159903', '159905', '159910', '159915', '159916', '159920', '159928', '159930', '159938', '159939', '159966', '159967', '159995', '159996', '510050', '510180', '510300', '510500', '510760', '510880', '510900', '512010', '512100', '512260', '512290', '512480', '512580', '512660', '512690', '512750', '512980', '513050', '513060', '513290', '513310', '513330', '513630', '513730', '513970', '515010', '515050', '515080', '515170', '515220', '515400', '515450', '515580', '515650', '515700', '515750', '515790', '515800', '515860', '515980', '516050', '516080', '516160', '516310', '516670', '517300', '517520', '518850', '520500', '520550', '560080', '560500', '560610', '562000', '562060', '562310', '562320', '562500', '563000', '563020', '588000', '588030']",100,0.04649495195344185,0.0,0.0,0.0,0.04649495195344185,"['512660', '159871', '515050', '588030', '159967', '562500', '515700', '510500', '159715', '513310']",10,0.07861118584400609,0.6,0.0006,0.0003,0.07771118584400609
2026-01-09,deepseek-chat,True,False,False,False,momentum_20,"['512980', '515400', '159852', '515980', '159871', '159916', '159847', '159715', '560500', '159502']",10,0.02389470555702744,0.7000000000000001,0.0007000000000000001,0.00035000000000000005,0.02284470555702744,"['512980', '515400', '159852', '515980', '159871', '159916', '159847', '159715', '560500', '159502']",10,0.02389470555702744,0.7000000000000001,0.0007000000000000001,0.00035000000000000005,0.02284470555702744,['510300'],1,-0.0054598908021838,0.0,0.0,0.0,-0.0054598908021838,"['159201', '159307', '159399', '159502', '159509', '159518', '159520', '159529', '159531', '159572', '159628', '159682', '159687', '159691', '159715', '159781', '159807', '159825', '159837', '159847', '159852', '159871', '159883', '159901', '159903', '159905', '159910', '159915', '159916', '159920', '159928', '159930', '159938', '159939', '159966', '159967', '159995', '159996', '510050', '510180', '510300', '510500', '510760', '510880', '510900', '512010', '512100', '512260', '512290', '512480', '512580', '512660', '512690', '512750', '512980', '513050', '513060', '513290', '513310', '513330', '513630', '513730', '513970', '515010', '515050', '515080', '515170', '515220', '515400', '515450', '515580', '515650', '515700', '515750', '515790', '515800', '515860', '515980', '516050', '516080', '516160', '516310', '516670', '517300', '517520', '518850', '520500', '520550', '560080', '560500', '560610', '562000', '562060', '562310', '562320', '562500', '563000', '563020', '588000', '588030']",100,0.0054748255545645046,0.0,0.0,0.0,0.0054748255545645046,"['512660', '512980', '159871', '159715', '513310', '588030', '510500', '517520', '515400', '512480']",10,0.02953156853560216,0.39999999999999997,0.00039999999999999996,0.00019999999999999998,0.02893156853560216
2026-01-16,deepseek-chat,True,False,False,False,momentum_20,"['159852', '512980', '515400', '159883', '159847', '562320', '512660', '510180', '515010', '515220']",10,0.005225871599395191,0.6,0.0006,0.0003,0.004325871599395191,"['159852', '512980', '515400', '159883', '159847', '562320', '512660', '510180', '515010', '515220']",10,0.005225871599395191,0.6,0.0006,0.0003,0.004325871599395191,['510300'],1,-0.0067567567567567,0.0,0.0,0.0,-0.0067567567567567,"['159201', '159307', '159399', '159502', '159509', '159518', '159520', '159529', '159531', '159572', '159628', '159682', '159687', '159691', '159715', '159781', '159807', '159825', '159837', '159847', '159852', '159871', '159883', '159901', '159903', '159905', '159910', '159915', '159916', '159920', '159928', '159930', '159938', '159939', '159966', '159967', '159995', '159996', '510050', '510180', '510300', '510500', '510760', '510880', '510900', '512010', '512100', '512260', '512290', '512480', '512580', '512660', '512690', '512750', '512980', '513050', '513060', '513290', '513310', '513330', '513630', '513730', '513970', '515010', '515050', '515080', '515170', '515220', '515400', '515450', '515580', '515650', '515700', '515750', '515790', '515800', '515860', '515980', '516050', '516080', '516160', '516310', '516670', '517300', '517520', '518850', '520500', '520550', '560080', '560500', '560610', '562000', '562060', '562310', '562320', '562500', '563000', '563020', '588000', '588030']",100,0.009340275181513825,0.0,0.0,0.0,0.009340275181513825,"['513310', '512980', '588030', '159871', '512660', '515400', '512480', '159852', '159995', '562500']",10,0.021592567089315014,0.3,0.0003,0.00015,0.02114256708931501
2026-01-23,deepseek-chat,True,False,False,False,momentum_20,"['515790', '512580', '159966', '520500', '512980', '159883', '159847', '588030', '516310', '516080']",10,-0.03157233951868753,0.7000000000000001,0.0007000000000000001,0.00035000000000000005,-0.03262233951868753,"['515790', '512980', '512660', '159852', '588030', '159715', '515400', '512580', '159966', '159628']",10,-0.04129546487128648,0.6,0.0006,0.0003,-0.04219546487128648,['510300'],1,0.0014880952380953,0.0,0.0,0.0,0.0014880952380953,"['159201', '159307', '159399', '159502', '159509', '159518', '159520', '159529', '159531', '159572', '159628', '159682', '159687', '159691', '159715', '159781', '159807', '159825', '159837', '159847', '159852', '159871', '159883', '159901', '159903', '159905', '159910', '159915', '159916', '159920', '159928', '159930', '159938', '159939', '159966', '159967', '159995', '159996', '510050', '510180', '510300', '510500', '510760', '510880', '510900', '512010', '512100', '512260', '512290', '512480', '512580', '512660', '512690', '512750', '512980', '513050', '513060', '513290', '513310', '513330', '513630', '513730', '513970', '515010', '515050', '515080', '515170', '515220', '515400', '515450', '515580', '515650', '515700', '515750', '515790', '515800', '515860', '515980', '516050', '516080', '516160', '516310', '516670', '517300', '517520', '518850', '520500', '520550', '560080', '560500', '560610', '562000', '562060', '562310', '562320', '562500', '563000', '563020', '588000', '588030']",100,-0.005105686053035062,0.0,0.0,0.0,-0.005105686053035062,"['513310', '512980', '517520', '159871', '512660', '588030', '515790', '515400', '159852', '159715']",10,-0.003895361934861851,0.3,0.0003,0.00015,-0.004345361934861851
2026-01-30,deepseek-chat,True,False,False,False,momentum_20,"['159518', '517520', '159529', '159967', '159871', '159781', '512690', '515220', '515790', '159687']",10,-0.029640666735360165,0.9000000000000002,0.0009000000000000003,0.00045000000000000015,-0.030990666735360165,"['159518', '517520', '159529', '159967', '159871', '159781', '512690', '515220', '515790', '159687']",10,-0.029640666735360165,0.9000000000000002,0.0009000000000000003,0.00045000000000000015,-0.030990666735360165,['510300'],1,-0.0131606877520696,0.0,0.0,0.0,-0.0131606877520696,"['159201', '159307', '159399', '159502', '159509', '159518', '159520', '159529', '159531', '159572', '159628', '159682', '159687', '159691', '159715', '159781', '159807', '159825', '159837', '159847', '159852', '159871', '159883', '159901', '159903', '159905', '159910', '159915', '159916', '159920', '159928', '159930', '159938', '159939', '159966', '159967', '159995', '159996', '510050', '510180', '510300', '510500', '510760', '510880', '510900', '512010', '512100', '512260', '512290', '512480', '512580', '512660', '512690', '512750', '512980', '513050', '513060', '513290', '513310', '513330', '513630', '513730', '513970', '515010', '515050', '515080', '515170', '515220', '515400', '515450', '515580', '515650', '515700', '515750', '515790', '515800', '515860', '515980', '516050', '516080', '516160', '516310', '516670', '517300', '517520', '518850', '520500', '520550', '560080', '560500', '560610', '562000', '562060', '562310', '562320', '562500', '563000', '563020', '588000', '588030']",100,-0.019708518149813874,0.0,0.0,0.0,-0.019708518149813874,"['513310', '517520', '512980', '159871', '518850', '512480', '159995', '588030', '515400', '515980']",10,-0.0753482265121597,0.39999999999999997,0.00039999999999999996,0.00019999999999999998,-0.0759482265121597
2026-02-06,deepseek-chat,True,False,False,False,momentum_20,"['517520', '513310', '159871', '515790', '518850', '516160', '512580', '515050', '159715', '159201']",10,0.020377429431086603,0.7000000000000001,0.0007000000000000001,0.00035000000000000005,0.019327429431086604,"['517520', '513310', '159871', '515790', '518850', '516160', '512580', '515050', '159715', '159201']",10,0.020377429431086603,0.7000000000000001,0.0007000000000000001,0.00035000000000000005,0.019327429431086604,['510300'],1,0.0047322004732202,0.0,0.0,0.0,0.0047322004732202,"['159201', '159307', '159399', '159502', '159509', '159518', '159520', '159529', '159531', '159572', '159628', '159682', '159687', '159691', '159715', '159781', '159807', '159825', '159837', '159847', '159852', '159871', '159883', '159901', '159903', '159905', '159910', '159915', '159916', '159920', '159928', '159930', '159938', '159939', '159966', '159967', '159995', '159996', '510050', '510180', '510300', '510500', '510760', '510880', '510900', '512010', '512100', '512260', '512290', '512480', '512580', '512660', '512690', '512750', '512980', '513050', '513060', '513290', '513310', '513330', '513630', '513730', '513970', '515010', '515050', '515080', '515170', '515220', '515400', '515450', '515580', '515650', '515700', '515750', '515790', '515800', '515860', '515980', '516050', '516080', '516160', '516310', '516670', '517300', '517520', '518850', '520500', '520550', '560080', '560500', '560610', '562000', '562060', '562310', '562320', '562500', '563000', '563020', '588000', '588030']",100,0.009163716798591326,0.0,0.0,0.0,0.009163716798591326,"['513310', '517520', '159518', '515790', '518850', '513970', '513630', '159930', '562060', '520550']",10,0.009294521401063531,0.7000000000000001,0.0007000000000000001,0.00035000000000000005,0.00824452140106353
2026-02-13,deepseek-chat,True,False,False,False,momentum_20,"['515220', '159691', '513970', '159518', '515400', '159201', '515650', '562060', '520550', '159930']",10,0.03958412110766081,0.9000000000000002,0.0009000000000000003,0.00045000000000000015,0.038234121107660814,"['515220', '159518', '159930', '517520', '513970', '159691', '159201', '562060', '520550', '512980']",10,0.05299343204256124,0.8000000000000002,0.0008000000000000001,0.0004000000000000001,0.05179343204256124,['510300'],1,0.0145579105116675,0.0,0.0,0.0,0.0145579105116675,"['159201', '159307', '159399', '159502', '159509', '159518', '159520', '159529', '159531', '159572', '159628', '159682', '159687', '159691', '159715', '159781', '159807', '159825', '159837', '159847', '159852', '159871', '159883', '159901', '159903', '159905', '159910', '159915', '159916', '159920', '159928', '159930', '159938', '159939', '159966', '159967', '159995', '159996', '510050', '510180', '510300', '510500', '510760', '510880', '510900', '512010', '512100', '512260', '512290', '512480', '512580', '512660', '512690', '512750', '512980', '513050', '513060', '513290', '513310', '513330', '513630', '513730', '513970', '515010', '515050', '515080', '515170', '515220', '515400', '515450', '515580', '515650', '515700', '515750', '515790', '515800', '515860', '515980', '516050', '516080', '516160', '516310', '516670', '517300', '517520', '518850', '520500', '520550', '560080', '560500', '560610', '562000', '562060', '562310', '562320', '562500', '563000', '563020', '588000', '588030']",100,0.012636221647188655,0.0,0.0,0.0,0.012636221647188655,"['513310', '159518', '159930', '515220', '518850', '513970', '517520', '159687', '562060', '520550']",10,0.07204931893778763,0.2,0.0002,0.0001,0.07174931893778762
2026-02-27,deepseek-chat,True,False,False,False,momentum_20,"['515400', '515220', '159852', '159871', '159715', '513060', '159825', '516670', '515980', '513050']",10,-0.02954781985919929,0.8000000000000002,0.0008000000000000001,0.0004000000000000001,-0.03074781985919929,"['159518', '159715', '515220', '159871', '159930', '515790', '159687', '515400', '159201', '159825']",10,0.0004393398009171892,0.6,0.0006,0.0003,-0.0004606601990828107,['510300'],1,-0.0122751322751322,0.0,0.0,0.0,-0.0122751322751322,"['159201', '159307', '159399', '159502', '159509', '159518', '159520', '159529', '159531', '159572', '159628', '159682', '159687', '159691', '159715', '159781', '159807', '159825', '159837', '159847', '159852', '159871', '159883', '159901', '159903', '159905', '159910', '159915', '159916', '159920', '159928', '159930', '159938', '159939', '159966', '159967', '159995', '159996', '510050', '510180', '510300', '510500', '510760', '510880', '510900', '512010', '512100', '512260', '512290', '512480', '512580', '512660', '512690', '512750', '512980', '513050', '513060', '513290', '513310', '513330', '513630', '513730', '513970', '515010', '515050', '515080', '515170', '515220', '515400', '515450', '515580', '515650', '515700', '515750', '515790', '515800', '515860', '515980', '516050', '516080', '516160', '516310', '516670', '517300', '517520', '518850', '520500', '520550', '560080', '560500', '560610', '562000', '562060', '562310', '562320', '562500', '563000', '563020', '588000', '588030']",100,-0.02034301434227402,0.0,0.0,0.0,-0.02034301434227402,"['513310', '159518', '159715', '515220', '159930', '159871', '515790', '159687', '518850', '510880']",10,0.0009232117708476712,0.39999999999999997,0.00039999999999999996,0.00019999999999999998,0.0003232117708476713
2026-03-06,deepseek-chat,True,False,False,False,momentum_20,"['516670', '159825', '512660', '517520', '516080', '159837', '159883', '512010', '159928', '512290']",10,-0.00927139141545531,0.8000000000000002,0.0008000000000000001,0.0004000000000000001,-0.010471391415455309,"['516670', '159825', '512660', '517520', '516080', '159837', '159883', '512010', '159928', '512290']",10,-0.00927139141545531,0.9000000000000002,0.0009000000000000003,0.00045000000000000015,-0.01062139141545531,['510300'],1,0.0021427040925647,0.0,0.0,0.0,0.0021427040925647,"['159201', '159307', '159399', '159502', '159509', '159518', '159520', '159529', '159531', '159572', '159628', '159682', '159687', '159691', '159715', '159781', '159807', '159825', '159837', '159847', '159852', '159871', '159883', '159901', '159903', '159905', '159910', '159915', '159916', '159920', '159928', '159930', '159938', '159939', '159966', '159967', '159995', '159996', '510050', '510180', '510300', '510500', '510760', '510880', '510900', '512010', '512100', '512260', '512290', '512480', '512580', '512660', '512690', '512750', '512980', '513050', '513060', '513290', '513310', '513330', '513630', '513730', '513970', '515010', '515050', '515080', '515170', '515220', '515400', '515450', '515580', '515650', '515700', '515750', '515790', '515800', '515860', '515980', '516050', '516080', '516160', '516310', '516670', '517300', '517520', '518850', '520500', '520550', '560080', '560500', '560610', '562000', '562060', '562310', '562320', '562500', '563000', '563020', '588000', '588030']",100,-0.0019886770438093428,0.0,0.0,0.0,-0.0019886770438093428,"['159518', '513310', '159930', '515220', '510880', '512660', '515790', '159825', '159201', '515080']",10,0.006474708820576769,0.39999999999999997,0.00039999999999999996,0.00019999999999999998,0.005874708820576769
2026-03-13,deepseek-chat,True,False,False,False,momentum_20,"['513310', '159871', '517520', '159715', '159967', '512480', '515400', '515700', '159995', '512660']",10,-0.0514419037300589,0.8000000000000002,0.0008000000000000001,0.0004000000000000001,-0.0526419037300589,"['513310', '159871', '517520', '159715', '159967', '512480', '515400', '515700', '159995', '512660']",10,-0.0514419037300589,0.8000000000000002,0.0008000000000000001,0.0004000000000000001,-0.0526419037300589,['510300'],1,-0.0215950395552704,0.0,0.0,0.0,-0.0215950395552704,"['159201', '159307', '159399', '159502', '159509', '159518', '159520', '159529', '159531', '159572', '159628', '159682', '159687', '159691', '159715', '159781', '159807', '159825', '159837', '159847', '159852', '159871', '159883', '159901', '159903', '159905', '159910', '159915', '159916', '159920', '159928', '159930', '159938', '159939', '159966', '159967', '159995', '159996', '510050', '510180', '510300', '510500', '510760', '510880', '510900', '512010', '512100', '512260', '512290', '512480', '512580', '512660', '512690', '512750', '512980', '513050', '513060', '513290', '513310', '513330', '513630', '513730', '513970', '515010', '515050', '515080', '515170', '515220', '515400', '515450', '515580', '515650', '515700', '515750', '515790', '515800', '515860', '515980', '516050', '516080', '516160', '516310', '516670', '517300', '517520', '518850', '520500', '520550', '560080', '560500', '560610', '562000', '562060', '562310', '562320', '562500', '563000', '563020', '588000', '588030']",100,-0.02722449589440044,0.0,0.0,0.0,-0.02722449589440044,"['159518', '513310', '515220', '159930', '159825', '516160', '512580', '159715', '510880', '159201']",10,-0.027141257851503973,0.3,0.0003,0.00015,-0.027591257851503976
2026-03-16,deepseek-chat,True,False,False,False,momentum_20,"['159871', '159825', '516670', '517520', '513060', '515790', '159967', '159939', '512690', '159715']",10,-0.08789205151524605,0.6,0.0006,0.0003,-0.08879205151524605,"['159871', '159825', '516670', '517520', '513060', '515790', '159967', '159939', '512690', '159715']",10,-0.08789205151524605,0.6,0.0006,0.0003,-0.08879205151524605,['510300'],1,-0.0534188034188034,0.0,0.0,0.0,-0.0534188034188034,"['159201', '159307', '159399', '159502', '159509', '159518', '159520', '159529', '159531', '159572', '159628', '159682', '159687', '159691', '159715', '159781', '159807', '159825', '159837', '159847', '159852', '159871', '159883', '159901', '159903', '159905', '159910', '159915', '159916', '159920', '159928', '159930', '159938', '159939', '159966', '159967', '159995', '159996', '510050', '510180', '510300', '510500', '510760', '510880', '510900', '512010', '512100', '512260', '512290', '512480', '512580', '512660', '512690', '512750', '512980', '513050', '513060', '513290', '513310', '513330', '513630', '513730', '513970', '515010', '515050', '515080', '515170', '515220', '515400', '515450', '515580', '515650', '515700', '515750', '515790', '515800', '515860', '515980', '516050', '516080', '516160', '516310', '516670', '517300', '517520', '518850', '520500', '520550', '560080', '560500', '560610', '562000', '562060', '562310', '562320', '562500', '563000', '563020', '588000', '588030']",100,-0.06435713024543809,0.0,0.0,0.0,-0.06435713024543809,"['159518', '513310', '515220', '159930', '159825', '515050', '159967', '510880', '512580', '516160']",10,-0.018722509997905402,0.2,0.0002,0.0001,-0.0190225099979054
